product_id,image_filename
1361554014265,1361554014265.jpg
1361730601017,1361730601017.jpg
1367696769081,1367696769081.jpg
1367700373561,1367700373561.jpg
1880053284921,1880053284921.jpg
2269867704377,2269867704377.jpg
2396299526201,2396299526201.jpg
2436229103673,2436229103673.jpg
2500689887289,2500689887289.jpg
4170122526777,4170122526777.jpg
4170125410361,4170125410361.jpg
4284729851961,4284729851961.jpg
4350671814713,4350671814713.jpg
4356245454905,4356245454905.jpg
4384912113721,4384912113721.jpg
4394136272953,4394136272953.jpg
4448217890873,4448217890873.jpg
4529985257529,4529985257529.jpg
4537309003833,4537309003833.jpg
4540659367993,4540659367993.jpg
4571839430722,4571839430722.jpg
4588738576441,4588738576441.jpg
4630444769337,4630444769337.jpg
4688770990137,4688770990137.jpg
4711782023225,4711782023225.jpg
4803040837689,4803040837689.jpg
4805171970105,4805171970105.jpg
4807287996473,4807287996473.jpg
4857543983161,4857543983161.jpg
4857544015929,4857544015929.jpg
4858706493497,4858706493497.jpg
5855165055033,5855165055033.jpg
5857027063865,5857027063865.jpg
5857029226553,5857029226553.jpg
5857037156409,5857037156409.jpg
5857039417401,5857039417401.jpg
5860031201337,5860031201337.jpg
5860286431289,5860286431289.jpg
5861074468921,5861074468921.jpg
5865176465465,5865176465465.jpg
5865176498233,5865176498233.jpg
6535306575929,6535306575929.jpg
6535307853881,6535307853881.jpg
6535308443705,6535308443705.jpg
6535308705849,6535308705849.jpg
6540320964665,6540320964665.jpg
6540320997433,6540320997433.jpg
6542068056121,6542068056121.jpg
6542914617401,6542914617401.jpg
6545433460793,6545433460793.jpg
6546074599481,6546074599481.jpg
6546472861753,6546472861753.jpg
6546472894521,6546472894521.jpg
6546482036793,6546482036793.jpg
6549057470521,6549057470521.jpg
6549241462841,6549241462841.jpg
6550041952313,6550041952313.jpg
6550043295801,6550043295801.jpg
6550109978681,6550109978681.jpg
6553707053113,6553707053113.jpg
6554334527545,6554334527545.jpg
6555189051449,6555189051449.jpg
6556944138297,6556944138297.jpg
6558380523577,6558380523577.jpg
6559843090489,6559843090489.jpg
6559843221561,6559843221561.jpg
6560855359545,6560855359545.jpg
6560855490617,6560855490617.jpg
6562886844473,6562886844473.jpg
6562889400377,6562889400377.jpg
6563828072505,6563828072505.jpg
6566087622713,6566087622713.jpg
6566145327161,6566145327161.jpg
6571874943033,6571874943033.jpg
6589573922873,6589573922873.jpg
6589575495737,6589575495737.jpg
6601856090169,6601856090169.jpg
6601893609529,6601893609529.jpg
6601894920249,6601894920249.jpg
6616459739193,6616459739193.jpg
6616462098489,6616462098489.jpg
6642501648441,6642501648441.jpg
6650849296441,6650849296441.jpg
6650852999225,6650852999225.jpg
6658441216057,6658441216057.jpg
6667638538297,6667638538297.jpg
6667639586873,6667639586873.jpg
6667639652409,6667639652409.jpg
6667639685177,6667639685177.jpg
6667641159737,6667641159737.jpg
6675603488825,6675603488825.jpg
6675603685433,6675603685433.jpg
6681074532409,6681074532409.jpg
6681075187769,6681075187769.jpg
6681075744825,6681075744825.jpg
6686562517049,6686562517049.jpg
6686566088761,6686566088761.jpg
6692444766265,6692444766265.jpg
6692448305209,6692448305209.jpg
6706847711289,6706847711289.jpg
6710660661305,6710660661305.jpg
6710661283897,6710661283897.jpg
6716055060537,6716055060537.jpg
6721890811961,6721890811961.jpg
6731680055353,6731680055353.jpg
6731683299385,6731683299385.jpg
6731694276665,6731694276665.jpg
6735147434041,6735147434041.jpg
6748821880889,6748821880889.jpg
6748822044729,6748822044729.jpg
6761090252857,6761090252857.jpg
6761101393977,6761101393977.jpg
6768899326009,6768899326009.jpg
6784232128569,6784232128569.jpg
6784233472057,6784233472057.jpg
6791031816401,6791031816401.jpg
6791031849169,6791031849169.jpg
6791031881937,6791031881937.jpg
6791032668369,6791032668369.jpg
6791044202705,6791044202705.jpg
6791047250129,6791047250129.jpg
6791047282897,6791047282897.jpg
6791047348433,6791047348433.jpg
6791047413969,6791047413969.jpg
6791057375441,6791057375441.jpg
6795305648185,6795305648185.jpg
6795305910329,6795305910329.jpg
6806823075897,6806823075897.jpg
6806823632953,6806823632953.jpg
6806823665721,6806823665721.jpg
6814454546489,6814454546489.jpg
6814480793657,6814480793657.jpg
6814497898553,6814497898553.jpg
6814504484921,6814504484921.jpg
6817828339769,6817828339769.jpg
6817828995129,6817828995129.jpg
6817830633529,6817830633529.jpg
6825944612921,6825944612921.jpg
6825953165369,6825953165369.jpg
6825960833081,6825960833081.jpg
6838025617465,6838025617465.jpg
6838030499897,6838030499897.jpg
6838051176505,6838051176505.jpg
6838051242041,6838051242041.jpg
6839526359124,6839526359124.jpg
6839527735380,6839527735380.jpg
6842532462676,6842532462676.jpg
6842533380180,6842533380180.jpg
6842699579449,6842699579449.jpg
6842699644985,6842699644985.jpg
6842701971513,6842701971513.jpg
6842704363577,6842704363577.jpg
6842704396345,6842704396345.jpg
6842706264121,6842706264121.jpg
6842706395193,6842706395193.jpg
6849428717625,6849428717625.jpg
6849428750393,6849428750393.jpg
6849428783161,6849428783161.jpg
6849428815929,6849428815929.jpg
6849430126649,6849430126649.jpg
6849430290489,6849430290489.jpg
6849430323257,6849430323257.jpg
6853465735252,6853465735252.jpg
6855974125625,6855974125625.jpg
6855981891641,6855981891641.jpg
6862718468153,6862718468153.jpg
6862718566457,6862718566457.jpg
6862735409209,6862735409209.jpg
6862738718777,6862738718777.jpg
6862758608953,6862758608953.jpg
6869746647097,6869746647097.jpg
6869746679865,6869746679865.jpg
6869754871865,6869754871865.jpg
6869754937401,6869754937401.jpg
6869761720377,6869761720377.jpg
6869768732729,6869768732729.jpg
6869769257017,6869769257017.jpg
6869769322553,6869769322553.jpg
6869915795540,6869915795540.jpg
6874573635641,6874573635641.jpg
6874583302201,6874583302201.jpg
6874583400505,6874583400505.jpg
6875173093460,6875173093460.jpg
6881650245689,6881650245689.jpg
6881653653561,6881653653561.jpg
6881653784633,6881653784633.jpg
6881662894137,6881662894137.jpg
6881665187897,6881665187897.jpg
6884129767481,6884129767481.jpg
6886326042681,6886326042681.jpg
6886326698041,6886326698041.jpg
6886326927417,6886326927417.jpg
6896651698233,6896651698233.jpg
6896653336633,6896653336633.jpg
6896654319673,6896654319673.jpg
6896655532089,6896655532089.jpg
6896655630393,6896655630393.jpg
6896657137721,6896657137721.jpg
6900729217108,6900729217108.jpg
6900941455417,6900941455417.jpg
6906246070481,6906246070481.jpg
6906246234321,6906246234321.jpg
6908801122361,6908801122361.jpg
6908803088441,6908803088441.jpg
6908803285049,6908803285049.jpg
6915535700025,6915535700025.jpg
6915542188089,6915542188089.jpg
6915542384697,6915542384697.jpg
6916054646868,6916054646868.jpg
6916055072852,6916055072852.jpg
6916069097556,6916069097556.jpg
6920862105657,6920862105657.jpg
6920863809593,6920863809593.jpg
6920866168889,6920866168889.jpg
6931808780345,6931808780345.jpg
6931809042489,6931809042489.jpg
6931809075257,6931809075257.jpg
6931819429945,6931819429945.jpg
6935855071289,6935855071289.jpg
6935857004601,6935857004601.jpg
6935857070137,6935857070137.jpg
6938573799481,6938573799481.jpg
6938574225465,6938574225465.jpg
6938574291001,6938574291001.jpg
6938574356537,6938574356537.jpg
6943570395193,6943570395193.jpg
6943570427961,6943570427961.jpg
6943570460729,6943570460729.jpg
6943572951097,6943572951097.jpg
6950517637177,6950517637177.jpg
6950522880057,6950522880057.jpg
6950526615609,6950526615609.jpg
6950526746681,6950526746681.jpg
6950526779449,6950526779449.jpg
6951384514617,6951384514617.jpg
6954545119289,6954545119289.jpg
6954545774649,6954545774649.jpg
6954710171705,6954710171705.jpg
6954715086905,6954715086905.jpg
6957067108409,6957067108409.jpg
6957179371604,6957179371604.jpg
6959473524820,6959473524820.jpg
6959484207188,6959484207188.jpg
6959504457812,6959504457812.jpg
6961857822804,6961857822804.jpg
6965248196665,6965248196665.jpg
6965248327737,6965248327737.jpg
6965251539001,6965251539001.jpg
6965251637305,6965251637305.jpg
6965253570617,6965253570617.jpg
6965253734457,6965253734457.jpg
6966643196113,6966643196113.jpg
6966643261649,6966643261649.jpg
6966643327185,6966643327185.jpg
6967487070265,6967487070265.jpg
6967490576441,6967490576441.jpg
6967490740281,6967490740281.jpg
6967496769593,6967496769593.jpg
6967511515193,6967511515193.jpg
6967511646265,6967511646265.jpg
6967511711801,6967511711801.jpg
6967515709497,6967515709497.jpg
6971511504953,6971511504953.jpg
6971522842681,6971522842681.jpg
6971528675385,6971528675385.jpg
6971528937529,6971528937529.jpg
6973421453493,6973421453493.jpg
6973788782649,6973788782649.jpg
6973788880953,6973788880953.jpg
6973788979257,6973788979257.jpg
6974743969876,6974743969876.jpg
6974744264788,6974744264788.jpg
6977829732436,6977829732436.jpg
6978146631737,6978146631737.jpg
6978212036665,6978212036665.jpg
6978212790329,6978212790329.jpg
6980141776953,6980141776953.jpg
6980142268473,6980142268473.jpg
6981487951929,6981487951929.jpg
6981488050233,6981488050233.jpg
6981488508985,6981488508985.jpg
6981488541753,6981488541753.jpg
6982412370004,6982412370004.jpg
6984995504185,6984995504185.jpg
6984995602489,6984995602489.jpg
6984995635257,6984995635257.jpg
6984995700793,6984995700793.jpg
6984996782137,6984996782137.jpg
6984996814905,6984996814905.jpg
6984996880441,6984996880441.jpg
6985433022548,6985433022548.jpg
6988334334009,6988334334009.jpg
6988334563385,6988334563385.jpg
6988334661689,6988334661689.jpg
6988338528313,6988338528313.jpg
6988343672889,6988343672889.jpg
6988343771193,6988343771193.jpg
6988347998265,6988347998265.jpg
6991285649465,6991285649465.jpg
6993089134649,6993089134649.jpg
6993349673017,6993349673017.jpg
6993369858105,6993369858105.jpg
6996591411257,6996591411257.jpg
6996591476793,6996591476793.jpg
6996591575097,6996591575097.jpg
6996591607865,6996591607865.jpg
6996591673401,6996591673401.jpg
6996592164921,6996592164921.jpg
6996592263225,6996592263225.jpg
6996592361529,6996592361529.jpg
6996595081273,6996595081273.jpg
6996595114041,6996595114041.jpg
6996595212345,6996595212345.jpg
6999416242233,6999416242233.jpg
6999416700985,6999416700985.jpg
6999417520185,6999417520185.jpg
6999417847865,6999417847865.jpg
7002339278905,7002339278905.jpg
7002339311673,7002339311673.jpg
7002339770425,7002339770425.jpg
7002339901497,7002339901497.jpg
7002339934265,7002339934265.jpg
7005750591545,7005750591545.jpg
7005751083065,7005751083065.jpg
7005751115833,7005751115833.jpg
7005751214137,7005751214137.jpg
7005751246905,7005751246905.jpg
7005751312441,7005751312441.jpg
7005826318393,7005826318393.jpg
7007722668089,7007722668089.jpg
7007768707156,7007768707156.jpg
7009480212537,7009480212537.jpg
7009480245305,7009480245305.jpg
7009480376377,7009480376377.jpg
7009480572985,7009480572985.jpg
7009482506297,7009482506297.jpg
7009482571833,7009482571833.jpg
7009482670137,7009482670137.jpg
7009483522105,7009483522105.jpg
7009483554873,7009483554873.jpg
7009486176313,7009486176313.jpg
7009486831673,7009486831673.jpg
7009486864441,7009486864441.jpg
7009487880249,7009487880249.jpg
7009487978553,7009487978553.jpg
7009488044089,7009488044089.jpg
7011355295801,7011355295801.jpg
7011355525177,7011355525177.jpg
7011355557945,7011355557945.jpg
7011355623481,7011355623481.jpg
7011356475449,7011356475449.jpg
7011356540985,7011356540985.jpg
7011356770361,7011356770361.jpg
7011358769209,7011358769209.jpg
7011362177081,7011362177081.jpg
7011364667449,7011364667449.jpg
7015047692345,7015047692345.jpg
7015064404025,7015064404025.jpg
7020096192569,7020096192569.jpg
7020096258105,7020096258105.jpg
7020096290873,7020096290873.jpg
7020096356409,7020096356409.jpg
7020096389177,7020096389177.jpg
7020096913465,7020096913465.jpg
7020348735545,7020348735545.jpg
7020349030457,7020349030457.jpg
7020350996537,7020350996537.jpg
7020351029305,7020351029305.jpg
7020351488057,7020351488057.jpg
7020351619129,7020351619129.jpg
7020351717433,7020351717433.jpg
7020351815737,7020351815737.jpg
7020351946809,7020351946809.jpg
7023737962580,7023737962580.jpg
7023738617940,7023738617940.jpg
7024106504401,7024106504401.jpg
7024106537169,7024106537169.jpg
7025146036308,7025146036308.jpg
7028929265721,7028929265721.jpg
7028929298489,7028929298489.jpg
7028929331257,7028929331257.jpg
7028929364025,7028929364025.jpg
7028929396793,7028929396793.jpg
7028929429561,7028929429561.jpg
7028930117689,7028930117689.jpg
7028930183225,7028930183225.jpg
7028930314297,7028930314297.jpg
7028930936889,7028930936889.jpg
7028930969657,7028930969657.jpg
7028931002425,7028931002425.jpg
7031671160889,7031671160889.jpg
7031671226425,7031671226425.jpg
7031671259193,7031671259193.jpg
7031671291961,7031671291961.jpg
7031671521337,7031671521337.jpg
7031671881785,7031671881785.jpg
7031672045625,7031672045625.jpg
7033956106297,7033956106297.jpg
7033956139065,7033956139065.jpg
7033956171833,7033956171833.jpg
7033956204601,7033956204601.jpg
7033956237369,7033956237369.jpg
7033956270137,7033956270137.jpg
7033956368441,7033956368441.jpg
7033956401209,7033956401209.jpg
7033956433977,7033956433977.jpg
7033956466745,7033956466745.jpg
7033956532281,7033956532281.jpg
7033956761657,7033956761657.jpg
7033956827193,7033956827193.jpg
7033956991033,7033956991033.jpg
7034598359097,7034598359097.jpg
7036641902649,7036641902649.jpg
7036641935417,7036641935417.jpg
7036642132025,7036642132025.jpg
7036642164793,7036642164793.jpg
7036642263097,7036642263097.jpg
7036642295865,7036642295865.jpg
7036642361401,7036642361401.jpg
7036642394169,7036642394169.jpg
7036642426937,7036642426937.jpg
7036642459705,7036642459705.jpg
7036642492473,7036642492473.jpg
7036642754617,7036642754617.jpg
7036642787385,7036642787385.jpg
7036643016761,7036643016761.jpg
7036643082297,7036643082297.jpg
7036643311673,7036643311673.jpg
7039476891705,7039476891705.jpg
7039476924473,7039476924473.jpg
7039476957241,7039476957241.jpg
7039477022777,7039477022777.jpg
7039477612601,7039477612601.jpg
7039477710905,7039477710905.jpg
7042674032697,7042674032697.jpg
7042674131001,7042674131001.jpg
7042674229305,7042674229305.jpg
7042674327609,7042674327609.jpg
7042674393145,7042674393145.jpg
7042674524217,7042674524217.jpg
7042674622521,7042674622521.jpg
7042674851897,7042674851897.jpg
7042675179577,7042675179577.jpg
7042899673145,7042899673145.jpg
7042899738681,7042899738681.jpg
7042899804217,7042899804217.jpg
7042899869753,7042899869753.jpg
7042899902521,7042899902521.jpg
7042899935289,7042899935289.jpg
7042900295737,7042900295737.jpg
7042900426809,7042900426809.jpg
7042900525113,7042900525113.jpg
7042900623417,7042900623417.jpg
7042900721721,7042900721721.jpg
7043888152633,7043888152633.jpg
7045885558841,7045885558841.jpg
7047688093753,7047688093753.jpg
7047688192057,7047688192057.jpg
7047688257593,7047688257593.jpg
7047688552505,7047688552505.jpg
7047689044025,7047689044025.jpg
7047689175097,7047689175097.jpg
7047689404473,7047689404473.jpg
7047689535545,7047689535545.jpg
7049991487545,7049991487545.jpg
7049991520313,7049991520313.jpg
7049992437817,7049992437817.jpg
7049992503353,7049992503353.jpg
7049992568889,7049992568889.jpg
7049992634425,7049992634425.jpg
7049992732729,7049992732729.jpg
7049992863801,7049992863801.jpg
7049993289785,7049993289785.jpg
7049993519161,7049993519161.jpg
7050954113081,7050954113081.jpg
7052734431289,7052734431289.jpg
7052734857273,7052734857273.jpg
7052735053881,7052735053881.jpg
7052735119417,7052735119417.jpg
7052735184953,7052735184953.jpg
7055041069140,7055041069140.jpg
7055883927609,7055883927609.jpg
7055883960377,7055883960377.jpg
7055884058681,7055884058681.jpg
7055884091449,7055884091449.jpg
7055884189753,7055884189753.jpg
7055884419129,7055884419129.jpg
7055884550201,7055884550201.jpg
7055884582969,7055884582969.jpg
7055884714041,7055884714041.jpg
7055884746809,7055884746809.jpg
7057039228985,7057039228985.jpg
7057039523897,7057039523897.jpg
7057039687737,7057039687737.jpg
7057039786041,7057039786041.jpg
7057039949881,7057039949881.jpg
7057040539705,7057040539705.jpg
7057040736313,7057040736313.jpg
7057041063993,7057041063993.jpg
7057041293369,7057041293369.jpg
7057041489977,7057041489977.jpg
7057041555513,7057041555513.jpg
7057041915961,7057041915961.jpg
7057042505785,7057042505785.jpg
7060544684089,7060544684089.jpg
7060545011769,7060545011769.jpg
7060545077305,7060545077305.jpg
7060545175609,7060545175609.jpg
7060545372217,7060545372217.jpg
7060545470521,7060545470521.jpg
7060545765433,7060545765433.jpg
7060545929273,7060545929273.jpg
7060545994809,7060545994809.jpg
7060546486329,7060546486329.jpg
7060547141689,7060547141689.jpg
7062168305721,7062168305721.jpg
7062168469561,7062168469561.jpg
7062168666169,7062168666169.jpg
7062168862777,7062168862777.jpg
7062168895545,7062168895545.jpg
7062172532793,7062172532793.jpg
7062172663865,7062172663865.jpg
7062172729401,7062172729401.jpg
7062172762169,7062172762169.jpg
7062172794937,7062172794937.jpg
7062172827705,7062172827705.jpg
7062172860473,7062172860473.jpg
7062172926009,7062172926009.jpg
7062172991545,7062172991545.jpg
7062173089849,7062173089849.jpg
7062173155385,7062173155385.jpg
7062173253689,7062173253689.jpg
7062173286457,7062173286457.jpg
7062173319225,7062173319225.jpg
7062173483065,7062173483065.jpg
7062173515833,7062173515833.jpg
7062173548601,7062173548601.jpg
7062173614137,7062173614137.jpg
7065688145977,7065688145977.jpg
7065688244281,7065688244281.jpg
7065688604729,7065688604729.jpg
7065688801337,7065688801337.jpg
7065689063481,7065689063481.jpg
7065689129017,7065689129017.jpg
7065689227321,7065689227321.jpg
7065689292857,7065689292857.jpg
7065689358393,7065689358393.jpg
7065689456697,7065689456697.jpg
7065689555001,7065689555001.jpg
7065689587769,7065689587769.jpg
7068442918969,7068442918969.jpg
7068442951737,7068442951737.jpg
7068443115577,7068443115577.jpg
7068443312185,7068443312185.jpg
7068443377721,7068443377721.jpg
7068443508793,7068443508793.jpg
7068443574329,7068443574329.jpg
7068444131385,7068444131385.jpg
7071913738297,7071913738297.jpg
7071913836601,7071913836601.jpg
7071914819641,7071914819641.jpg
7071914885177,7071914885177.jpg
7071914950713,7071914950713.jpg
7071915016249,7071915016249.jpg
7072260423737,7072260423737.jpg
7075194667065,7075194667065.jpg
7075194830905,7075194830905.jpg
7075195093049,7075195093049.jpg
7075195813945,7075195813945.jpg
7075196207161,7075196207161.jpg
7075196272697,7075196272697.jpg
7075196403769,7075196403769.jpg
7075196600377,7075196600377.jpg
7075197714489,7075197714489.jpg
7075198074937,7075198074937.jpg
7078420774969,7078420774969.jpg
7078420873273,7078420873273.jpg
7078421004345,7078421004345.jpg
7078421233721,7078421233721.jpg
7078421430329,7078421430329.jpg
7078421561401,7078421561401.jpg
7078421758009,7078421758009.jpg
7078421954617,7078421954617.jpg
7078422511673,7078422511673.jpg
7078422872121,7078422872121.jpg
7078422970425,7078422970425.jpg
7078423134265,7078423134265.jpg
7078423461945,7078423461945.jpg
7078423593017,7078423593017.jpg
7078424215609,7078424215609.jpg
7078424379449,7078424379449.jpg
7078424510521,7078424510521.jpg
7078424608825,7078424608825.jpg
7079186923604,7079186923604.jpg
7080994865209,7080994865209.jpg
7080994930745,7080994930745.jpg
7080994996281,7080994996281.jpg
7080995061817,7080995061817.jpg
7080995094585,7080995094585.jpg
7080995323961,7080995323961.jpg
7081002467385,7081002467385.jpg
7081002532921,7081002532921.jpg
7081002565689,7081002565689.jpg
7081002860601,7081002860601.jpg
7081002926137,7081002926137.jpg
7081003221049,7081003221049.jpg
7081003286585,7081003286585.jpg
7084739166292,7084739166292.jpg
7084741034068,7084741034068.jpg
7086317109305,7086317109305.jpg
7086317600825,7086317600825.jpg
7086317764665,7086317764665.jpg
7091471351865,7091471351865.jpg
7091471482937,7091471482937.jpg
7091471515705,7091471515705.jpg
7091471646777,7091471646777.jpg
7091471679545,7091471679545.jpg
7091471908921,7091471908921.jpg
7091472072761,7091472072761.jpg
7091472138297,7091472138297.jpg
7091472400441,7091472400441.jpg
7091472629817,7091472629817.jpg
7091472695353,7091472695353.jpg
7091472859193,7091472859193.jpg
7099292975161,7099292975161.jpg
7099293368377,7099293368377.jpg
7099294875705,7099294875705.jpg
7099295694905,7099295694905.jpg
7099301199929,7099301199929.jpg
7113893511225,7113893511225.jpg
7113893609529,7113893609529.jpg
7113893675065,7113893675065.jpg
7113893740601,7113893740601.jpg
7113893871673,7113893871673.jpg
7113893904441,7113893904441.jpg
7113893937209,7113893937209.jpg
7113893969977,7113893969977.jpg
7113894068281,7113894068281.jpg
7113894101049,7113894101049.jpg
7113894199353,7113894199353.jpg
7113894264889,7113894264889.jpg
7113894330425,7113894330425.jpg
7113894461497,7113894461497.jpg
7114298949841,7114298949841.jpg
7115459690580,7115459690580.jpg
7124181090361,7124181090361.jpg
7124183089209,7124183089209.jpg
7124183515193,7124183515193.jpg
7124183646265,7124183646265.jpg
7124186202169,7124186202169.jpg
7124187185209,7124187185209.jpg
7124187775033,7124187775033.jpg
7124188069945,7124188069945.jpg
7124188528697,7124188528697.jpg
7124190101561,7124190101561.jpg
7124192460857,7124192460857.jpg
7132955672633,7132955672633.jpg
7143664943161,7143664943161.jpg
7143665926201,7143665926201.jpg
7143666024505,7143666024505.jpg
7143666090041,7143666090041.jpg
7143666286649,7143666286649.jpg
7143666384953,7143666384953.jpg
7143666974777,7143666974777.jpg
7143667826745,7143667826745.jpg
7143667957817,7143667957817.jpg
7143668318265,7143668318265.jpg
7143668744249,7143668744249.jpg
7143668908089,7143668908089.jpg
7148041273401,7148041273401.jpg
7148041404473,7148041404473.jpg
7148041568313,7148041568313.jpg
7148041699385,7148041699385.jpg
7148041863225,7148041863225.jpg
7148042190905,7148042190905.jpg
7148042584121,7148042584121.jpg
7148042747961,7148042747961.jpg
7148043370553,7148043370553.jpg
7148043796537,7148043796537.jpg
7148044550201,7148044550201.jpg
7148044714041,7148044714041.jpg
7148044943417,7148044943417.jpg
7148045795385,7148045795385.jpg
7148046024761,7148046024761.jpg
7156445511737,7156445511737.jpg
7156445544505,7156445544505.jpg
7156445741113,7156445741113.jpg
7156445839417,7156445839417.jpg
7156446232633,7156446232633.jpg
7156446265401,7156446265401.jpg
7156446298169,7156446298169.jpg
7156446330937,7156446330937.jpg
7156446462009,7156446462009.jpg
7156446494777,7156446494777.jpg
7156446593081,7156446593081.jpg
7156446625849,7156446625849.jpg
7164184854585,7164184854585.jpg
7164184920121,7164184920121.jpg
7164185018425,7164185018425.jpg
7164185116729,7164185116729.jpg
7164185149497,7164185149497.jpg
7164185215033,7164185215033.jpg
7164185247801,7164185247801.jpg
7164185313337,7164185313337.jpg
7164185477177,7164185477177.jpg
7164185575481,7164185575481.jpg
7164185673785,7164185673785.jpg
7164185870393,7164185870393.jpg
7164186165305,7164186165305.jpg
7164186198073,7164186198073.jpg
7164186230841,7164186230841.jpg
7164186296377,7164186296377.jpg
7166102143157,7166102143157.jpg
7169851686969,7169851686969.jpg
7169851850809,7169851850809.jpg
7169852571705,7169852571705.jpg
7169853259833,7169853259833.jpg
7169853521977,7169853521977.jpg
7169853685817,7169853685817.jpg
7169853849657,7169853849657.jpg
7169854046265,7169854046265.jpg
7169854373945,7169854373945.jpg
7169854505017,7169854505017.jpg
7169854603321,7169854603321.jpg
7169854799929,7169854799929.jpg
7169855225913,7169855225913.jpg
7169855389753,7169855389753.jpg
7169855488057,7169855488057.jpg
7176173977657,7176173977657.jpg
7176174469177,7176174469177.jpg
7176174731321,7176174731321.jpg
7176175157305,7176175157305.jpg
7176175747129,7176175747129.jpg
7176176533561,7176176533561.jpg
7176176631865,7176176631865.jpg
7176177549369,7176177549369.jpg
7176177713209,7176177713209.jpg
7179701289017,7179701289017.jpg
7179702730809,7179702730809.jpg
7179702763577,7179702763577.jpg
7179702861881,7179702861881.jpg
7179703058489,7179703058489.jpg
7179703124025,7179703124025.jpg
7179703255097,7179703255097.jpg
7179703353401,7179703353401.jpg
7179703418937,7179703418937.jpg
7179703877689,7179703877689.jpg
7179704008761,7179704008761.jpg
7179704139833,7179704139833.jpg
7179704336441,7179704336441.jpg
7179704369209,7179704369209.jpg
7179704401977,7179704401977.jpg
7179704467513,7179704467513.jpg
7179704565817,7179704565817.jpg
7179704631353,7179704631353.jpg
7179705057337,7179705057337.jpg
7179705188409,7179705188409.jpg
7179816272081,7179816272081.jpg
7184424796369,7184424796369.jpg
7188071842001,7188071842001.jpg
7188072399057,7188072399057.jpg
7188072562897,7188072562897.jpg
7188073054417,7188073054417.jpg
7190347710521,7190347710521.jpg
7190347743289,7190347743289.jpg
7190347808825,7190347808825.jpg
7190347841593,7190347841593.jpg
7190347874361,7190347874361.jpg
7190347907129,7190347907129.jpg
7190347939897,7190347939897.jpg
7190347972665,7190347972665.jpg
7190348005433,7190348005433.jpg
7190348070969,7190348070969.jpg
7190348103737,7190348103737.jpg
7190348136505,7190348136505.jpg
7190348169273,7190348169273.jpg
7190348202041,7190348202041.jpg
7190348234809,7190348234809.jpg
7190348333113,7190348333113.jpg
7190348464185,7190348464185.jpg
7190348529721,7190348529721.jpg
7190372155449,7190372155449.jpg
7192187174969,7192187174969.jpg
7192187273273,7192187273273.jpg
7192187306041,7192187306041.jpg
7192187371577,7192187371577.jpg
7192187502649,7192187502649.jpg
7192187535417,7192187535417.jpg
7192187568185,7192187568185.jpg
7192187633721,7192187633721.jpg
7192187699257,7192187699257.jpg
7192187732025,7192187732025.jpg
7192187797561,7192187797561.jpg
7192187830329,7192187830329.jpg
7192187895865,7192187895865.jpg
7192188026937,7192188026937.jpg
7192974000212,7192974000212.jpg
7198063525945,7198063525945.jpg
7198063624249,7198063624249.jpg
7198063755321,7198063755321.jpg
7198064017465,7198064017465.jpg
7198064083001,7198064083001.jpg
7198064148537,7198064148537.jpg
7198064246841,7198064246841.jpg
7198064279609,7198064279609.jpg
7198064312377,7198064312377.jpg
7198064345145,7198064345145.jpg
7198064410681,7198064410681.jpg
7205369675957,7205369675957.jpg
7207734116409,7207734116409.jpg
7207734149177,7207734149177.jpg
7207734280249,7207734280249.jpg
7207734444089,7207734444089.jpg
7207734607929,7207734607929.jpg
7207734902841,7207734902841.jpg
7207734968377,7207734968377.jpg
7207735263289,7207735263289.jpg
7207735328825,7207735328825.jpg
7207735394361,7207735394361.jpg
7207735492665,7207735492665.jpg
7207735590969,7207735590969.jpg
7214147993657,7214147993657.jpg
7214148026425,7214148026425.jpg
7214148059193,7214148059193.jpg
7214148091961,7214148091961.jpg
7214148190265,7214148190265.jpg
7214148223033,7214148223033.jpg
7214148288569,7214148288569.jpg
7214148321337,7214148321337.jpg
7214148452409,7214148452409.jpg
7214148485177,7214148485177.jpg
7214148517945,7214148517945.jpg
7221156118585,7221156118585.jpg
7221156151353,7221156151353.jpg
7221156184121,7221156184121.jpg
7221156216889,7221156216889.jpg
7221156315193,7221156315193.jpg
7221156642873,7221156642873.jpg
7221156937785,7221156937785.jpg
7221157101625,7221157101625.jpg
7221157363769,7221157363769.jpg
7222751658041,7222751658041.jpg
7223778115641,7223778115641.jpg
7226798211129,7226798211129.jpg
7226798276665,7226798276665.jpg
7226798374969,7226798374969.jpg
7226798473273,7226798473273.jpg
7226798506041,7226798506041.jpg
7226798637113,7226798637113.jpg
7226798669881,7226798669881.jpg
7226798833721,7226798833721.jpg
7226798899257,7226798899257.jpg
7226798997561,7226798997561.jpg
7226799095865,7226799095865.jpg
7230478155833,7230478155833.jpg
7230478221369,7230478221369.jpg
7230478254137,7230478254137.jpg
7230478286905,7230478286905.jpg
7230478352441,7230478352441.jpg
7230478385209,7230478385209.jpg
7230478450745,7230478450745.jpg
7230478516281,7230478516281.jpg
7230478745657,7230478745657.jpg
7230478778425,7230478778425.jpg
7230478843961,7230478843961.jpg
7230479302713,7230479302713.jpg
7230479368249,7230479368249.jpg
7233446740025,7233446740025.jpg
7235407282233,7235407282233.jpg
7235407478841,7235407478841.jpg
7235407511609,7235407511609.jpg
7235407675449,7235407675449.jpg
7235407806521,7235407806521.jpg
7235407872057,7235407872057.jpg
7235407970361,7235407970361.jpg
7235408199737,7235408199737.jpg
7235408298041,7235408298041.jpg
7235408429113,7235408429113.jpg
7235408527417,7235408527417.jpg
7235408625721,7235408625721.jpg
7235408691257,7235408691257.jpg
7235408855097,7235408855097.jpg
7235409018937,7235409018937.jpg
7235409150009,7235409150009.jpg
7235409215545,7235409215545.jpg
7239176028341,7239176028341.jpg
7239325909201,7239325909201.jpg
7249847418937,7249847418937.jpg
7249847517241,7249847517241.jpg
7249847648313,7249847648313.jpg
7249847844921,7249847844921.jpg
7249847975993,7249847975993.jpg
7249848270905,7249848270905.jpg
7249848369209,7249848369209.jpg
7249848467513,7249848467513.jpg
7249849548857,7249849548857.jpg
7249850040377,7249850040377.jpg
7249850138681,7249850138681.jpg
7249850269753,7249850269753.jpg
7249850499129,7249850499129.jpg
7256668667961,7256668667961.jpg
7256669028409,7256669028409.jpg
7256669093945,7256669093945.jpg
7256669192249,7256669192249.jpg
7261641211961,7261641211961.jpg
7261641343033,7261641343033.jpg
7261641474105,7261641474105.jpg
7261641506873,7261641506873.jpg
7261641572409,7261641572409.jpg
7261641605177,7261641605177.jpg
7261641670713,7261641670713.jpg
7261641703481,7261641703481.jpg
7261641736249,7261641736249.jpg
7261641801785,7261641801785.jpg
7262978670773,7262978670773.jpg
7266319925305,7266319925305.jpg
7276653838393,7276653838393.jpg
7276654035001,7276654035001.jpg
7276654100537,7276654100537.jpg
7276654166073,7276654166073.jpg
7276654198841,7276654198841.jpg
7276654297145,7276654297145.jpg
7276654362681,7276654362681.jpg
7276654460985,7276654460985.jpg
7276654657593,7276654657593.jpg
7276654690361,7276654690361.jpg
7276654788665,7276654788665.jpg
7276654821433,7276654821433.jpg
7276654886969,7276654886969.jpg
7276655083577,7276655083577.jpg
7276924240081,7276924240081.jpg
7278389297209,7278389297209.jpg
7278389362745,7278389362745.jpg
7278389395513,7278389395513.jpg
7278389461049,7278389461049.jpg
7278389657657,7278389657657.jpg
7278389755961,7278389755961.jpg
7278389854265,7278389854265.jpg
7278389887033,7278389887033.jpg
7278389952569,7278389952569.jpg
7278389985337,7278389985337.jpg
7278390083641,7278390083641.jpg
7278390345785,7278390345785.jpg
7278390444089,7278390444089.jpg
7298446786617,7298446786617.jpg
7298447048761,7298447048761.jpg
7298447179833,7298447179833.jpg
7298447802425,7298447802425.jpg
7298448162873,7298448162873.jpg
7298448326713,7298448326713.jpg
7298448556089,7298448556089.jpg
7298448654393,7298448654393.jpg
7298448752697,7298448752697.jpg
7298448851001,7298448851001.jpg
7298449047609,7298449047609.jpg
7298449309753,7298449309753.jpg
7298449637433,7298449637433.jpg
7318078750929,7318078750929.jpg
7322873692369,7322873692369.jpg
7322873725137,7322873725137.jpg
7325753737273,7325753737273.jpg
7325753802809,7325753802809.jpg
7325753868345,7325753868345.jpg
7325753933881,7325753933881.jpg
7325753999417,7325753999417.jpg
7325754196025,7325754196025.jpg
7325754228793,7325754228793.jpg
7325754490937,7325754490937.jpg
7325754753081,7325754753081.jpg
7325754785849,7325754785849.jpg
7325755015225,7325755015225.jpg
7325755146297,7325755146297.jpg
7325755244601,7325755244601.jpg
7325755277369,7325755277369.jpg
7325755637817,7325755637817.jpg
7332907942097,7332907942097.jpg
7332907974865,7332907974865.jpg
7332908105937,7332908105937.jpg
7332908138705,7332908138705.jpg
7332908171473,7332908171473.jpg
7332908204241,7332908204241.jpg
7332908237009,7332908237009.jpg
7334604898513,7334604898513.jpg
7346476843217,7346476843217.jpg
7346476875985,7346476875985.jpg
7347946946769,7347946946769.jpg
7347947045073,7347947045073.jpg
7347947307217,7347947307217.jpg
7347947471057,7347947471057.jpg
7347947667665,7347947667665.jpg
7348363198645,7348363198645.jpg
7352470175925,7352470175925.jpg
7353490178257,7353490178257.jpg
7353490505937,7353490505937.jpg
7353491521745,7353491521745.jpg
7353491620049,7353491620049.jpg
7353492177105,7353492177105.jpg
7360348356817,7360348356817.jpg
7360348389585,7360348389585.jpg
7360348422353,7360348422353.jpg
7360348455121,7360348455121.jpg
7360541884473,7360541884473.jpg
7360542081081,7360542081081.jpg
7360542277689,7360542277689.jpg
7360542474297,7360542474297.jpg
7360542801977,7360542801977.jpg
7360543195193,7360543195193.jpg
7360543457337,7360543457337.jpg
7360544374841,7360544374841.jpg
7360544538681,7360544538681.jpg
7360544735289,7360544735289.jpg
7360544931897,7360544931897.jpg
7360545456185,7360545456185.jpg
7360546013241,7360546013241.jpg
7360546177081,7360546177081.jpg
7360546340921,7360546340921.jpg
7368975614161,7368975614161.jpg
7368975745233,7368975745233.jpg
7368975810769,7368975810769.jpg
7368975843537,7368975843537.jpg
7368976072913,7368976072913.jpg
7369908912212,7369908912212.jpg
7372796494005,7372796494005.jpg
7372973375669,7372973375669.jpg
7380585906357,7380585906357.jpg
7380588101813,7380588101813.jpg
7380595540149,7380595540149.jpg
7392300368053,7392300368053.jpg
7392650526929,7392650526929.jpg
7392650559697,7392650559697.jpg
7393122418745,7393122418745.jpg
7393123434553,7393123434553.jpg
7393123795001,7393123795001.jpg
7393124155449,7393124155449.jpg
7393124417593,7393124417593.jpg
7393124974649,7393124974649.jpg
7393125335097,7393125335097.jpg
7393125498937,7393125498937.jpg
7393125859385,7393125859385.jpg
7393126154297,7393126154297.jpg
7393126252601,7393126252601.jpg
7393126449209,7393126449209.jpg
7393126711353,7393126711353.jpg
7393126907961,7393126907961.jpg
7393127137337,7393127137337.jpg
7393127432249,7393127432249.jpg
7393127891001,7393127891001.jpg
7393128349753,7393128349753.jpg
7393128644665,7393128644665.jpg
7393128808505,7393128808505.jpg
7393128906809,7393128906809.jpg
7393129562169,7393129562169.jpg
7393129726009,7393129726009.jpg
7393129889849,7393129889849.jpg
7393130479673,7393130479673.jpg
7393130643513,7393130643513.jpg
7393130905657,7393130905657.jpg
7399393591477,7399393591477.jpg
7399903264977,7399903264977.jpg
7399903428817,7399903428817.jpg
7403618992309,7403618992309.jpg
7404290244789,7404290244789.jpg
7404293980341,7404293980341.jpg
7404294668469,7404294668469.jpg
7404295159989,7404295159989.jpg
7408949821649,7408949821649.jpg
7408950149329,7408950149329.jpg
7408950739153,7408950739153.jpg
7408950968529,7408950968529.jpg
7408951689425,7408951689425.jpg
7408952082641,7408952082641.jpg
7408952180945,7408952180945.jpg
7408952246481,7408952246481.jpg
7408952443089,7408952443089.jpg
7408952541393,7408952541393.jpg
7408952803537,7408952803537.jpg
7409783767249,7409783767249.jpg
7409784094929,7409784094929.jpg
7410373623989,7410373623989.jpg
7410813829301,7410813829301.jpg
7410839584949,7410839584949.jpg
7410840338613,7410840338613.jpg
7410846859445,7410846859445.jpg
7422033232053,7422033232053.jpg
7427400466613,7427400466613.jpg
7427448307893,7427448307893.jpg
7431497351377,7431497351377.jpg
7431497613521,7431497613521.jpg
7431498105041,7431498105041.jpg
7438712340661,7438712340661.jpg
7438712537269,7438712537269.jpg
7438976811189,7438976811189.jpg
7439891038417,7439891038417.jpg
7442764628149,7442764628149.jpg
7442802933941,7442802933941.jpg
7443002687669,7443002687669.jpg
7443014451381,7443014451381.jpg
7443026477237,7443026477237.jpg
7445747564725,7445747564725.jpg
7445755789493,7445755789493.jpg
7445756379317,7445756379317.jpg
7445795864757,7445795864757.jpg
7448284233785,7448284233785.jpg
7448284332089,7448284332089.jpg
7448284397625,7448284397625.jpg
7449539969233,7449539969233.jpg
7449540034769,7449540034769.jpg
7453194158289,7453194158289.jpg
7453194256593,7453194256593.jpg
7453194420433,7453194420433.jpg
7453194485969,7453194485969.jpg
7453194584273,7453194584273.jpg
7453194617041,7453194617041.jpg
7453194715345,7453194715345.jpg
7453727916213,7453727916213.jpg
7453752983733,7453752983733.jpg
7454474436789,7454474436789.jpg
7454634082485,7454634082485.jpg
7454638211253,7454638211253.jpg
7454653481141,7454653481141.jpg
7454654628021,7454654628021.jpg
7454700503221,7454700503221.jpg
7457267679441,7457267679441.jpg
7457267744977,7457267744977.jpg
7457268007121,7457268007121.jpg
7457268236497,7457268236497.jpg
7457268334801,7457268334801.jpg
7459792289849,7459792289849.jpg
7459793535033,7459793535033.jpg
7459793731641,7459793731641.jpg
7459794387001,7459794387001.jpg
7459795304505,7459795304505.jpg
7459795730489,7459795730489.jpg
7459795861561,7459795861561.jpg
7459796222009,7459796222009.jpg
7459911827637,7459911827637.jpg
7462027067573,7462027067573.jpg
7462044172469,7462044172469.jpg
7462067339445,7462067339445.jpg
7462810845365,7462810845365.jpg
7463471481013,7463471481013.jpg
7467075010644,7467075010644.jpg
7467083694164,7467083694164.jpg
7468586893521,7468586893521.jpg
7468587024593,7468587024593.jpg
7468587057361,7468587057361.jpg
7468587155665,7468587155665.jpg
7470853062865,7470853062865.jpg
7470853128401,7470853128401.jpg
7470853259473,7470853259473.jpg
7470853390545,7470853390545.jpg
7470853750993,7470853750993.jpg
7470853816529,7470853816529.jpg
7470854013137,7470854013137.jpg
7470854930641,7470854930641.jpg
7470854996177,7470854996177.jpg
7470855454929,7470855454929.jpg
7470855487697,7470855487697.jpg
7470855717073,7470855717073.jpg
7470855946449,7470855946449.jpg
7470858272977,7470858272977.jpg
7470858371281,7470858371281.jpg
7470858436817,7470858436817.jpg
7474500436149,7474500436149.jpg
7474501877941,7474501877941.jpg
7474509906101,7474509906101.jpg
7474510102709,7474510102709.jpg
7474515935413,7474515935413.jpg
7474695962833,7474695962833.jpg
7475155042485,7475155042485.jpg
7475173130421,7475173130421.jpg
7475173327029,7475173327029.jpg
7475173556405,7475173556405.jpg
7475173785781,7475173785781.jpg
7476283441333,7476283441333.jpg
7476283670709,7476283670709.jpg
7476284981429,7476284981429.jpg
7476886077497,7476886077497.jpg
7476886339641,7476886339641.jpg
7476886503481,7476886503481.jpg
7476886601785,7476886601785.jpg
7476886798393,7476886798393.jpg
7476886896697,7476886896697.jpg
7476886962233,7476886962233.jpg
7476887158841,7476887158841.jpg
7478050848852,7478050848852.jpg
7479240687825,7479240687825.jpg
7479242064081,7479242064081.jpg
7479242129617,7479242129617.jpg
7479242981585,7479242981585.jpg
7479243079889,7479243079889.jpg
7479243243729,7479243243729.jpg
7479243276497,7479243276497.jpg
7488237207609,7488237207609.jpg
7488237469753,7488237469753.jpg
7488237699129,7488237699129.jpg
7488237797433,7488237797433.jpg
7488238387257,7488238387257.jpg
7488238714937,7488238714937.jpg
7488239271993,7488239271993.jpg
7488239534137,7488239534137.jpg
7488240058425,7488240058425.jpg
7488241500217,7488241500217.jpg
7488241729593,7488241729593.jpg
7488241926201,7488241926201.jpg
7488242352185,7488242352185.jpg
7488242483257,7488242483257.jpg
7488242679865,7488242679865.jpg
7488242778169,7488242778169.jpg
7488242942009,7488242942009.jpg
7488243335225,7488243335225.jpg
7488715948213,7488715948213.jpg
7488716177589,7488716177589.jpg
7488716767413,7488716767413.jpg
7488717947061,7488717947061.jpg
7488720437429,7488720437429.jpg
7488720830645,7488720830645.jpg
7489275920468,7489275920468.jpg
7491008331860,7491008331860.jpg
7491034579028,7491034579028.jpg
7491034644564,7491034644564.jpg
7491035562068,7491035562068.jpg
7491444834485,7491444834485.jpg
7493741215925,7493741215925.jpg
7493742166197,7493742166197.jpg
7493756715189,7493756715189.jpg
7494710853716,7494710853716.jpg
7496091566261,7496091566261.jpg
7496716550325,7496716550325.jpg
7499106648273,7499106648273.jpg
7499770036405,7499770036405.jpg
7499770855605,7499770855605.jpg
7499774394549,7499774394549.jpg
7499779506357,7499779506357.jpg
7499779670197,7499779670197.jpg
7499780128949,7499780128949.jpg
7499780292789,7499780292789.jpg
7500730761397,7500730761397.jpg
7502523170900,7502523170900.jpg
7502523564116,7502523564116.jpg
7502523924564,7502523924564.jpg
7502523957332,7502523957332.jpg
7502524776532,7502524776532.jpg
7503004008657,7503004008657.jpg
7503004139729,7503004139729.jpg
7507847053493,7507847053493.jpg
7507855114421,7507855114421.jpg
7509083422804,7509083422804.jpg
7510022553781,7510022553781.jpg
7510023012533,7510023012533.jpg
7510023471285,7510023471285.jpg
7510386147537,7510386147537.jpg
7510386278609,7510386278609.jpg
7510386901201,7510386901201.jpg
7510387491025,7510387491025.jpg
7510387982545,7510387982545.jpg
7510388048081,7510388048081.jpg
7510388310225,7510388310225.jpg
7510388408529,7510388408529.jpg
7510588194900,7510588194900.jpg
7510606839892,7510606839892.jpg
7510661890132,7510661890132.jpg
7510744105141,7510744105141.jpg
7510773891253,7510773891253.jpg
7510777233589,7510777233589.jpg
7510889267284,7510889267284.jpg
7511334518965,7511334518965.jpg
7511347527861,7511347527861.jpg
7512413536437,7512413536437.jpg
7513911033940,7513911033940.jpg
7513917128788,7513917128788.jpg
7518677794900,7518677794900.jpg
7518687625300,7518687625300.jpg
7518699520084,7518699520084.jpg
7519597330641,7519597330641.jpg
7519597461713,7519597461713.jpg
7519597723857,7519597723857.jpg
7519597986001,7519597986001.jpg
7519598280913,7519598280913.jpg
7519598411985,7519598411985.jpg
7519598608593,7519598608593.jpg
7519599231185,7519599231185.jpg
7521151418452,7521151418452.jpg
7522814230737,7522814230737.jpg
7523059630164,7523059630164.jpg
7523446620217,7523446620217.jpg
7523446816825,7523446816825.jpg
7523447308345,7523447308345.jpg
7523450912825,7523450912825.jpg
7523451174969,7523451174969.jpg
7523575070804,7523575070804.jpg
7523756703828,7523756703828.jpg
7525138595924,7525138595924.jpg
7527203635284,7527203635284.jpg
7527672938580,7527672938580.jpg
7527673167956,7527673167956.jpg
7527683981396,7527683981396.jpg
7530370072660,7530370072660.jpg
7530947543124,7530947543124.jpg
7530956062804,7530956062804.jpg
7530956554324,7530956554324.jpg
7534722121812,7534722121812.jpg
7534722187348,7534722187348.jpg
7534722285652,7534722285652.jpg
7534722351188,7534722351188.jpg
7534722515028,7534722515028.jpg
7535988637780,7535988637780.jpg
7536001450068,7536001450068.jpg
7537146495060,7537146495060.jpg
7537514184788,7537514184788.jpg
7539322716246,7539322716246.jpg
7539325173846,7539325173846.jpg
7539336544342,7539336544342.jpg
7539336577110,7539336577110.jpg
7539336609878,7539336609878.jpg
7539336642646,7539336642646.jpg
7539336675414,7539336675414.jpg
7539336806486,7539336806486.jpg
7539336839254,7539336839254.jpg
7539336872022,7539336872022.jpg
7539336904790,7539336904790.jpg
7539336937558,7539336937558.jpg
7539336970326,7539336970326.jpg
7539337003094,7539337003094.jpg
7539337035862,7539337035862.jpg
7539337461846,7539337461846.jpg
7539337527382,7539337527382.jpg
7539337560150,7539337560150.jpg
7539337592918,7539337592918.jpg
7539337658454,7539337658454.jpg
7539337691222,7539337691222.jpg
7539337789526,7539337789526.jpg
7539337822294,7539337822294.jpg
7539337887830,7539337887830.jpg
7539337920598,7539337920598.jpg
7539337953366,7539337953366.jpg
7539337986134,7539337986134.jpg
7539338018902,7539338018902.jpg
7539338051670,7539338051670.jpg
7539338084438,7539338084438.jpg
7539338149974,7539338149974.jpg
7539338182742,7539338182742.jpg
7539338215510,7539338215510.jpg
7539338346582,7539338346582.jpg
7539338379350,7539338379350.jpg
7539338543190,7539338543190.jpg
7539338575958,7539338575958.jpg
7539338674262,7539338674262.jpg
7539338707030,7539338707030.jpg
7539338739798,7539338739798.jpg
7539338772566,7539338772566.jpg
7539338805334,7539338805334.jpg
7539338838102,7539338838102.jpg
7539338870870,7539338870870.jpg
7539338969174,7539338969174.jpg
7539339001942,7539339001942.jpg
7539339067478,7539339067478.jpg
7539339427926,7539339427926.jpg
7539339460694,7539339460694.jpg
7539339493462,7539339493462.jpg
7539339558998,7539339558998.jpg
7539339591766,7539339591766.jpg
7539339755606,7539339755606.jpg
7539339821142,7539339821142.jpg
7539343622230,7539343622230.jpg
7539343687766,7539343687766.jpg
7539343720534,7539343720534.jpg
7539343753302,7539343753302.jpg
7539344179286,7539344179286.jpg
7539344244822,7539344244822.jpg
7539344441430,7539344441430.jpg
7539344506966,7539344506966.jpg
7539344539734,7539344539734.jpg
7539344572502,7539344572502.jpg
7539344605270,7539344605270.jpg
7539344638038,7539344638038.jpg
7539344670806,7539344670806.jpg
7539344703574,7539344703574.jpg
7539344736342,7539344736342.jpg
7539345031254,7539345031254.jpg
7539345064022,7539345064022.jpg
7539345227862,7539345227862.jpg
7539345260630,7539345260630.jpg
7539345293398,7539345293398.jpg
7539345326166,7539345326166.jpg
7539345358934,7539345358934.jpg
7539345391702,7539345391702.jpg
7539345424470,7539345424470.jpg
7539345457238,7539345457238.jpg
7539345522774,7539345522774.jpg
7539345850454,7539345850454.jpg
7539345883222,7539345883222.jpg
7539345981526,7539345981526.jpg
7539346014294,7539346014294.jpg
7539346047062,7539346047062.jpg
7539346079830,7539346079830.jpg
7539346243670,7539346243670.jpg
7539346276438,7539346276438.jpg
7539346407510,7539346407510.jpg
7539346473046,7539346473046.jpg
7539346505814,7539346505814.jpg
7539346538582,7539346538582.jpg
7539346604118,7539346604118.jpg
7539346702422,7539346702422.jpg
7539346735190,7539346735190.jpg
7539346800726,7539346800726.jpg
7539346866262,7539346866262.jpg
7539347325014,7539347325014.jpg
7539347357782,7539347357782.jpg
7539347390550,7539347390550.jpg
7539347423318,7539347423318.jpg
7539347456086,7539347456086.jpg
7539347488854,7539347488854.jpg
7539347619926,7539347619926.jpg
7539347652694,7539347652694.jpg
7539347685462,7539347685462.jpg
7539347718230,7539347718230.jpg
7539347750998,7539347750998.jpg
7539347783766,7539347783766.jpg
7539347849302,7539347849302.jpg
7539347882070,7539347882070.jpg
7539348570198,7539348570198.jpg
7539348602966,7539348602966.jpg
7539348865110,7539348865110.jpg
7539348897878,7539348897878.jpg
7539348930646,7539348930646.jpg
7539349061718,7539349061718.jpg
7539349094486,7539349094486.jpg
7539349291094,7539349291094.jpg
7539349323862,7539349323862.jpg
7539349389398,7539349389398.jpg
7539349422166,7539349422166.jpg
7539349454934,7539349454934.jpg
7539349586006,7539349586006.jpg
7539349782614,7539349782614.jpg
7539349815382,7539349815382.jpg
7539349848150,7539349848150.jpg
7539349913686,7539349913686.jpg
7539350274134,7539350274134.jpg
7539350306902,7539350306902.jpg
7539350405206,7539350405206.jpg
7539350569046,7539350569046.jpg
7539350667350,7539350667350.jpg
7539350700118,7539350700118.jpg
7539350732886,7539350732886.jpg
7539350863958,7539350863958.jpg
7539350896726,7539350896726.jpg
7539350929494,7539350929494.jpg
7539350962262,7539350962262.jpg
7539350995030,7539350995030.jpg
7539351027798,7539351027798.jpg
7539351060566,7539351060566.jpg
7539351093334,7539351093334.jpg
7539351126102,7539351126102.jpg
7539351224406,7539351224406.jpg
7539351257174,7539351257174.jpg
7539351289942,7539351289942.jpg
7539351453782,7539351453782.jpg
7539351486550,7539351486550.jpg
7539351519318,7539351519318.jpg
7539351552086,7539351552086.jpg
7539351584854,7539351584854.jpg
7539351617622,7539351617622.jpg
7539351814230,7539351814230.jpg
7539351846998,7539351846998.jpg
7539351945302,7539351945302.jpg
7539352043606,7539352043606.jpg
7539352076374,7539352076374.jpg
7539352109142,7539352109142.jpg
7539352141910,7539352141910.jpg
7539352174678,7539352174678.jpg
7539352207446,7539352207446.jpg
7539352240214,7539352240214.jpg
7539352404054,7539352404054.jpg
7539352436822,7539352436822.jpg
7539352469590,7539352469590.jpg
7539352502358,7539352502358.jpg
7539352535126,7539352535126.jpg
7539352633430,7539352633430.jpg
7539352731734,7539352731734.jpg
7539352764502,7539352764502.jpg
7539352797270,7539352797270.jpg
7539352862806,7539352862806.jpg
7539352895574,7539352895574.jpg
7539352961110,7539352961110.jpg
7539352993878,7539352993878.jpg
7539353026646,7539353026646.jpg
7539353092182,7539353092182.jpg
7539353256022,7539353256022.jpg
7539353518166,7539353518166.jpg
7539353550934,7539353550934.jpg
7539353649238,7539353649238.jpg
7539353682006,7539353682006.jpg
7539353780310,7539353780310.jpg
7539353845846,7539353845846.jpg
7539354370134,7539354370134.jpg
7539354468438,7539354468438.jpg
7539354533974,7539354533974.jpg
7539354566742,7539354566742.jpg
7539354763350,7539354763350.jpg
7539354796118,7539354796118.jpg
7539354828886,7539354828886.jpg
7539354894422,7539354894422.jpg
7539354927190,7539354927190.jpg
7539354992726,7539354992726.jpg
7539355156566,7539355156566.jpg
7539355189334,7539355189334.jpg
7539355254870,7539355254870.jpg
7539355287638,7539355287638.jpg
7539355353174,7539355353174.jpg
7539355385942,7539355385942.jpg
7539355418710,7539355418710.jpg
7539355451478,7539355451478.jpg
7539355484246,7539355484246.jpg
7539355517014,7539355517014.jpg
7539355549782,7539355549782.jpg
7539355648086,7539355648086.jpg
7539355680854,7539355680854.jpg
7539355713622,7539355713622.jpg
7539355746390,7539355746390.jpg
7539355779158,7539355779158.jpg
7539355811926,7539355811926.jpg
7539355844694,7539355844694.jpg
7539355877462,7539355877462.jpg
7539355910230,7539355910230.jpg
7539355942998,7539355942998.jpg
7539355975766,7539355975766.jpg
7539356041302,7539356041302.jpg
7539356074070,7539356074070.jpg
7539356106838,7539356106838.jpg
7539356139606,7539356139606.jpg
7539356172374,7539356172374.jpg
7539356205142,7539356205142.jpg
7539356237910,7539356237910.jpg
7539356270678,7539356270678.jpg
7539356303446,7539356303446.jpg
7539356336214,7539356336214.jpg
7539356401750,7539356401750.jpg
7539356467286,7539356467286.jpg
7539356532822,7539356532822.jpg
7539356565590,7539356565590.jpg
7539356598358,7539356598358.jpg
7539356631126,7539356631126.jpg
7539356663894,7539356663894.jpg
7539356696662,7539356696662.jpg
7539356729430,7539356729430.jpg
7539356762198,7539356762198.jpg
7539356794966,7539356794966.jpg
7539356827734,7539356827734.jpg
7539356893270,7539356893270.jpg
7539356926038,7539356926038.jpg
7539356958806,7539356958806.jpg
7539356991574,7539356991574.jpg
7539357024342,7539357024342.jpg
7539357057110,7539357057110.jpg
7539357089878,7539357089878.jpg
7539357122646,7539357122646.jpg
7539357220950,7539357220950.jpg
7539357253718,7539357253718.jpg
7539357286486,7539357286486.jpg
7539357319254,7539357319254.jpg
7539357352022,7539357352022.jpg
7539357384790,7539357384790.jpg
7539357417558,7539357417558.jpg
7539357450326,7539357450326.jpg
7539357483094,7539357483094.jpg
7539357515862,7539357515862.jpg
7539357548630,7539357548630.jpg
7539357581398,7539357581398.jpg
7539357614166,7539357614166.jpg
7539357646934,7539357646934.jpg
7539357679702,7539357679702.jpg
7539357712470,7539357712470.jpg
7539357778006,7539357778006.jpg
7539357810774,7539357810774.jpg
7539357843542,7539357843542.jpg
7539357876310,7539357876310.jpg
7539357974614,7539357974614.jpg
7539358007382,7539358007382.jpg
7539358040150,7539358040150.jpg
7539358105686,7539358105686.jpg
7539358138454,7539358138454.jpg
7539358236758,7539358236758.jpg
7539358269526,7539358269526.jpg
7539358302294,7539358302294.jpg
7539358335062,7539358335062.jpg
7539358367830,7539358367830.jpg
7539358400598,7539358400598.jpg
7539358433366,7539358433366.jpg
7539358498902,7539358498902.jpg
7539358531670,7539358531670.jpg
7539358564438,7539358564438.jpg
7539358597206,7539358597206.jpg
7539358629974,7539358629974.jpg
7539358662742,7539358662742.jpg
7539358695510,7539358695510.jpg
7539358728278,7539358728278.jpg
7539358793814,7539358793814.jpg
7539358859350,7539358859350.jpg
7539358892118,7539358892118.jpg
7539358924886,7539358924886.jpg
7539358957654,7539358957654.jpg
7539359023190,7539359023190.jpg
7539359055958,7539359055958.jpg
7539359088726,7539359088726.jpg
7539359121494,7539359121494.jpg
7539359154262,7539359154262.jpg
7539359187030,7539359187030.jpg
7539359219798,7539359219798.jpg
7539359252566,7539359252566.jpg
7539359285334,7539359285334.jpg
7539359318102,7539359318102.jpg
7539359350870,7539359350870.jpg
7539359383638,7539359383638.jpg
7539359416406,7539359416406.jpg
7539359449174,7539359449174.jpg
7539359481942,7539359481942.jpg
7539359547478,7539359547478.jpg
7539359580246,7539359580246.jpg
7539359613014,7539359613014.jpg
7539359645782,7539359645782.jpg
7539359678550,7539359678550.jpg
7539359711318,7539359711318.jpg
7539359744086,7539359744086.jpg
7539359776854,7539359776854.jpg
7539359842390,7539359842390.jpg
7539359907926,7539359907926.jpg
7539359973462,7539359973462.jpg
7539360006230,7539360006230.jpg
7539360104534,7539360104534.jpg
7539360137302,7539360137302.jpg
7539360170070,7539360170070.jpg
7539360202838,7539360202838.jpg
7539360235606,7539360235606.jpg
7539360268374,7539360268374.jpg
7539360301142,7539360301142.jpg
7539360333910,7539360333910.jpg
7539360497750,7539360497750.jpg
7539360530518,7539360530518.jpg
7539360563286,7539360563286.jpg
7539360596054,7539360596054.jpg
7539360628822,7539360628822.jpg
7539360661590,7539360661590.jpg
7539360694358,7539360694358.jpg
7539360727126,7539360727126.jpg
7539360759894,7539360759894.jpg
7539360858198,7539360858198.jpg
7539360890966,7539360890966.jpg
7539360989270,7539360989270.jpg
7539361022038,7539361022038.jpg
7539361054806,7539361054806.jpg
7539361087574,7539361087574.jpg
7539361120342,7539361120342.jpg
7539361185878,7539361185878.jpg
7539361218646,7539361218646.jpg
7539361251414,7539361251414.jpg
7539361284182,7539361284182.jpg
7539361316950,7539361316950.jpg
7539361349718,7539361349718.jpg
7539361382486,7539361382486.jpg
7539361415254,7539361415254.jpg
7539361448022,7539361448022.jpg
7539361480790,7539361480790.jpg
7539361513558,7539361513558.jpg
7539361546326,7539361546326.jpg
7539361579094,7539361579094.jpg
7539361611862,7539361611862.jpg
7539361644630,7539361644630.jpg
7539361677398,7539361677398.jpg
7539361710166,7539361710166.jpg
7539361742934,7539361742934.jpg
7539361775702,7539361775702.jpg
7539361808470,7539361808470.jpg
7539361841238,7539361841238.jpg
7539361874006,7539361874006.jpg
7539361906774,7539361906774.jpg
7539361939542,7539361939542.jpg
7539361972310,7539361972310.jpg
7539362005078,7539362005078.jpg
7539362037846,7539362037846.jpg
7539362070614,7539362070614.jpg
7539362103382,7539362103382.jpg
7539362136150,7539362136150.jpg
7539362168918,7539362168918.jpg
7539362201686,7539362201686.jpg
7539362234454,7539362234454.jpg
7539362267222,7539362267222.jpg
7539362299990,7539362299990.jpg
7539362365526,7539362365526.jpg
7539362398294,7539362398294.jpg
7539362431062,7539362431062.jpg
7539362463830,7539362463830.jpg
7539362562134,7539362562134.jpg
7539362594902,7539362594902.jpg
7539362693206,7539362693206.jpg
7539362725974,7539362725974.jpg
7539362758742,7539362758742.jpg
7539362791510,7539362791510.jpg
7539362824278,7539362824278.jpg
7539362857046,7539362857046.jpg
7539362889814,7539362889814.jpg
7539362922582,7539362922582.jpg
7539362955350,7539362955350.jpg
7539362988118,7539362988118.jpg
7539363053654,7539363053654.jpg
7539363086422,7539363086422.jpg
7539363119190,7539363119190.jpg
7539363151958,7539363151958.jpg
7539363184726,7539363184726.jpg
7539363217494,7539363217494.jpg
7539363250262,7539363250262.jpg
7539363381334,7539363381334.jpg
7539365216342,7539365216342.jpg
7539365478486,7539365478486.jpg
7539365511254,7539365511254.jpg
7539365937238,7539365937238.jpg
7539367411798,7539367411798.jpg
7539373047894,7539373047894.jpg
7539373113430,7539373113430.jpg
7539380617302,7539380617302.jpg
7539380682838,7539380682838.jpg
7539380715606,7539380715606.jpg
7539383599190,7539383599190.jpg
7539384025174,7539384025174.jpg
7539384057942,7539384057942.jpg
7539384090710,7539384090710.jpg
7539384516694,7539384516694.jpg
7539384647766,7539384647766.jpg
7539384778838,7539384778838.jpg
7539390611542,7539390611542.jpg
7539390709846,7539390709846.jpg
7539390808150,7539390808150.jpg
7539391463510,7539391463510.jpg
7539397328982,7539397328982.jpg
7539401982038,7539401982038.jpg
7539402014806,7539402014806.jpg
7539402047574,7539402047574.jpg
7539409715286,7539409715286.jpg
7539410337878,7539410337878.jpg
7539410600022,7539410600022.jpg
7539416105046,7539416105046.jpg
7539416268886,7539416268886.jpg
7541392343249,7541392343249.jpg
7541392572625,7541392572625.jpg
7541674246230,7541674246230.jpg
7541674672214,7541674672214.jpg
7541674737750,7541674737750.jpg
7541675032662,7541675032662.jpg
7541675327574,7541675327574.jpg
7541675393110,7541675393110.jpg
7541675458646,7541675458646.jpg
7541675622486,7541675622486.jpg
7541675720790,7541675720790.jpg
7541675851862,7541675851862.jpg
7541675917398,7541675917398.jpg
7541675950166,7541675950166.jpg
7541676015702,7541676015702.jpg
7541676048470,7541676048470.jpg
7541676212310,7541676212310.jpg
7541676245078,7541676245078.jpg
7541676277846,7541676277846.jpg
7541676310614,7541676310614.jpg
7541676343382,7541676343382.jpg
7541676376150,7541676376150.jpg
7541676408918,7541676408918.jpg
7541676441686,7541676441686.jpg
7541676638294,7541676638294.jpg
7541676671062,7541676671062.jpg
7541676736598,7541676736598.jpg
7541676769366,7541676769366.jpg
7541676802134,7541676802134.jpg
7541676933206,7541676933206.jpg
7541676965974,7541676965974.jpg
7541676998742,7541676998742.jpg
7541677031510,7541677031510.jpg
7541677097046,7541677097046.jpg
7541677293654,7541677293654.jpg
7541677588566,7541677588566.jpg
7541677621334,7541677621334.jpg
7541677686870,7541677686870.jpg
7541677981782,7541677981782.jpg
7541678276694,7541678276694.jpg
7541678374998,7541678374998.jpg
7541678407766,7541678407766.jpg
7541678440534,7541678440534.jpg
7541678735446,7541678735446.jpg
7541678768214,7541678768214.jpg
7541679030358,7541679030358.jpg
7541679325270,7541679325270.jpg
7541679423574,7541679423574.jpg
7541679456342,7541679456342.jpg
7541679718486,7541679718486.jpg
7541680537686,7541680537686.jpg
7541680570454,7541680570454.jpg
7541680898134,7541680898134.jpg
7541681127510,7541681127510.jpg
7541681717334,7541681717334.jpg
7541681750102,7541681750102.jpg
7541681815638,7541681815638.jpg
7541681881174,7541681881174.jpg
7541682110550,7541682110550.jpg
7541682143318,7541682143318.jpg
7541682372694,7541682372694.jpg
7541682438230,7541682438230.jpg
7541682470998,7541682470998.jpg
7541682536534,7541682536534.jpg
7541682569302,7541682569302.jpg
7541682896982,7541682896982.jpg
7541683388502,7541683388502.jpg
7541683486806,7541683486806.jpg
7541683519574,7541683519574.jpg
7541683650646,7541683650646.jpg
7541683683414,7541683683414.jpg
7541683716182,7541683716182.jpg
7541683781718,7541683781718.jpg
7541683912790,7541683912790.jpg
7541684011094,7541684011094.jpg
7541684109398,7541684109398.jpg
7541684207702,7541684207702.jpg
7541684240470,7541684240470.jpg
7541684568150,7541684568150.jpg
7541684731990,7541684731990.jpg
7541684764758,7541684764758.jpg
7541684797526,7541684797526.jpg
7541685682262,7541685682262.jpg
7541685747798,7541685747798.jpg
7541685813334,7541685813334.jpg
7541686042710,7541686042710.jpg
7541686501462,7541686501462.jpg
7541686566998,7541686566998.jpg
7541686599766,7541686599766.jpg
7541686861910,7541686861910.jpg
7541687615574,7541687615574.jpg
7541687648342,7541687648342.jpg
7541687681110,7541687681110.jpg
7541687713878,7541687713878.jpg
7541688402006,7541688402006.jpg
7541688795222,7541688795222.jpg
7541688991830,7541688991830.jpg
7541689221206,7541689221206.jpg
7541689253974,7541689253974.jpg
7541690105942,7541690105942.jpg
7541690302550,7541690302550.jpg
7541690466390,7541690466390.jpg
7541690531926,7541690531926.jpg
7541690564694,7541690564694.jpg
7541692956758,7541692956758.jpg
7541693448278,7541693448278.jpg
7541693907030,7541693907030.jpg
7541694333014,7541694333014.jpg
7541694398550,7541694398550.jpg
7541694496854,7541694496854.jpg
7541695545430,7541695545430.jpg
7541695840342,7541695840342.jpg
7541695905878,7541695905878.jpg
7541696069718,7541696069718.jpg
7541696266326,7541696266326.jpg
7541697183830,7541697183830.jpg
7541697282134,7541697282134.jpg
7541697642582,7541697642582.jpg
7541697773654,7541697773654.jpg
7541699149910,7541699149910.jpg
7541699248214,7541699248214.jpg
7541699838038,7541699838038.jpg
7541699870806,7541699870806.jpg
7541701443670,7541701443670.jpg
7541701509206,7541701509206.jpg
7541705506902,7541705506902.jpg
7541706784854,7541706784854.jpg
7541706883158,7541706883158.jpg
7541706915926,7541706915926.jpg
7541707964502,7541707964502.jpg
7541723791446,7541723791446.jpg
7541792342102,7541792342102.jpg
7541958803540,7541958803540.jpg
7541958934612,7541958934612.jpg
7542070247510,7542070247510.jpg
7542070607958,7542070607958.jpg
7542327607380,7542327607380.jpg
7542327803988,7542327803988.jpg
7542327967828,7542327967828.jpg
7542328131668,7542328131668.jpg
7543374512214,7543374512214.jpg
7543730012246,7543730012246.jpg
7543730045014,7543730045014.jpg
7543812489300,7543812489300.jpg
7543886348372,7543886348372.jpg
7543887102036,7543887102036.jpg
7543909777494,7543909777494.jpg
7543909810262,7543909810262.jpg
7544567693398,7544567693398.jpg
7544567726166,7544567726166.jpg
7544781209781,7544781209781.jpg
7544842027189,7544842027189.jpg
7544937119925,7544937119925.jpg
7544941772981,7544941772981.jpg
7544942166197,7544942166197.jpg
7544942395573,7544942395573.jpg
7544968937556,7544968937556.jpg
7545817989204,7545817989204.jpg
7546171981910,7546171981910.jpg
7546968506454,7546968506454.jpg
7546975223894,7546975223894.jpg
7546976436310,7546976436310.jpg
7546977583190,7546977583190.jpg
7546977714262,7546977714262.jpg
7546978107478,7546978107478.jpg
7546978271318,7546978271318.jpg
7546978336854,7546978336854.jpg
7546978402390,7546978402390.jpg
7546978467926,7546978467926.jpg
7546978533462,7546978533462.jpg
7546978631766,7546978631766.jpg
7546979123286,7546979123286.jpg
7546979156054,7546979156054.jpg
7546979319894,7546979319894.jpg
7546979352662,7546979352662.jpg
7546979811414,7546979811414.jpg
7546979942486,7546979942486.jpg
7546980696150,7546980696150.jpg
7546980827222,7546980827222.jpg
7546981318742,7546981318742.jpg
7546981843030,7546981843030.jpg
7546982072406,7546982072406.jpg
7546982105174,7546982105174.jpg
7546982301782,7546982301782.jpg
7547076542548,7547076542548.jpg
7547210924116,7547210924116.jpg
7547773354070,7547773354070.jpg
7547791573078,7547791573078.jpg
7547890073657,7547890073657.jpg
7547890106425,7547890106425.jpg
7547890237497,7547890237497.jpg
7547890499641,7547890499641.jpg
7547890925625,7547890925625.jpg
7547945451604,7547945451604.jpg
7547945549908,7547945549908.jpg
7547967209556,7547967209556.jpg
7547967406164,7547967406164.jpg
7549117169750,7549117169750.jpg
7549304864852,7549304864852.jpg
7549304897620,7549304897620.jpg
7549304930388,7549304930388.jpg
7549305061460,7549305061460.jpg
7549305389140,7549305389140.jpg
7549305651284,7549305651284.jpg
7549305978964,7549305978964.jpg
7549306175572,7549306175572.jpg
7549306896468,7549306896468.jpg
7549307224148,7549307224148.jpg
7549307256916,7549307256916.jpg
7549354115158,7549354115158.jpg
7549384294484,7549384294484.jpg
7549384327252,7549384327252.jpg
7549384360020,7549384360020.jpg
7549390553172,7549390553172.jpg
7549390618708,7549390618708.jpg
7549391274068,7549391274068.jpg
7549425516628,7549425516628.jpg
7549425549396,7549425549396.jpg
7549425614932,7549425614932.jpg
7549425647700,7549425647700.jpg
7549425844308,7549425844308.jpg
7549900718261,7549900718261.jpg
7550257725524,7550257725524.jpg
7550566137940,7550566137940.jpg
7550568333398,7550568333398.jpg
7550576885846,7550576885846.jpg
7550591041622,7550591041622.jpg
7550592090198,7550592090198.jpg
7550592254038,7550592254038.jpg
7550592712790,7550592712790.jpg
7550592876630,7550592876630.jpg
7550605033558,7550605033558.jpg
7550605066326,7550605066326.jpg
7550605295702,7550605295702.jpg
7550605787222,7550605787222.jpg
7550605819990,7550605819990.jpg
7550610866262,7550610866262.jpg
7550611947606,7550611947606.jpg
7550612013142,7550612013142.jpg
7550613323862,7550613323862.jpg
7550613815382,7550613815382.jpg
7550614601814,7550614601814.jpg
7550614634582,7550614634582.jpg
7550614831190,7550614831190.jpg
7550615126102,7550615126102.jpg
7550615584854,7550615584854.jpg
7550615650390,7550615650390.jpg
7550615683158,7550615683158.jpg
7550616666198,7550616666198.jpg
7550616764502,7550616764502.jpg
7550616895574,7550616895574.jpg
7550617387094,7550617387094.jpg
7550617419862,7550617419862.jpg
7550618763350,7550618763350.jpg
7550618927190,7550618927190.jpg
7550619484246,7550619484246.jpg
7550711169108,7550711169108.jpg
7551227854934,7551227854934.jpg
7551227887702,7551227887702.jpg
7551227920470,7551227920470.jpg
7551227953238,7551227953238.jpg
7551308431444,7551308431444.jpg
7551315279956,7551315279956.jpg
7551315902548,7551315902548.jpg
7551316033620,7551316033620.jpg
7551316131924,7551316131924.jpg
7551316230228,7551316230228.jpg
7551346311252,7551346311252.jpg
7551346344020,7551346344020.jpg
7551346409556,7551346409556.jpg
7551346606164,7551346606164.jpg
7551347261524,7551347261524.jpg
7551347523668,7551347523668.jpg
7551347654740,7551347654740.jpg
7551352078420,7551352078420.jpg
7551352242260,7551352242260.jpg
7551352438868,7551352438868.jpg
7551353126996,7551353126996.jpg
7551493767254,7551493767254.jpg
7551505694806,7551505694806.jpg
7551505727574,7551505727574.jpg
7551505760342,7551505760342.jpg
7552340000854,7552340000854.jpg
7552705200337,7552705200337.jpg
7552705364177,7552705364177.jpg
7552705462481,7552705462481.jpg
7552705626321,7552705626321.jpg
7552705954001,7552705954001.jpg
7552706740433,7552706740433.jpg
7552706904273,7552706904273.jpg
7552707035345,7552707035345.jpg
7552707166417,7552707166417.jpg
7552707231953,7552707231953.jpg
7552708346065,7552708346065.jpg
7552708739281,7552708739281.jpg
7552708870353,7552708870353.jpg
7552709001425,7552709001425.jpg
7552710017233,7552710017233.jpg
7552712868049,7552712868049.jpg
7552718143697,7552718143697.jpg
7552718438609,7552718438609.jpg
7552718536913,7552718536913.jpg
7552719126737,7552719126737.jpg
7552719257809,7552719257809.jpg
7552719716561,7552719716561.jpg
7552719814865,7552719814865.jpg
7552720175313,7552720175313.jpg
7552723124433,7552723124433.jpg
7552723189969,7552723189969.jpg
7552723353809,7552723353809.jpg
7552724041937,7552724041937.jpg
7552724304081,7552724304081.jpg
7552724369617,7552724369617.jpg
7552724402385,7552724402385.jpg
7552724631761,7552724631761.jpg
7554737012820,7554737012820.jpg
7554737111124,7554737111124.jpg
7554737143892,7554737143892.jpg
7554737176660,7554737176660.jpg
7554737209428,7554737209428.jpg
7554737635412,7554737635412.jpg
7554737700948,7554737700948.jpg
7554737897556,7554737897556.jpg
7554737995860,7554737995860.jpg
7554738126932,7554738126932.jpg
7554738225236,7554738225236.jpg
7554738552916,7554738552916.jpg
7554738749524,7554738749524.jpg
7554738782292,7554738782292.jpg
7554739109972,7554739109972.jpg
7554739175508,7554739175508.jpg
7554739404884,7554739404884.jpg
7554739568724,7554739568724.jpg
7554739994708,7554739994708.jpg
7554740027476,7554740027476.jpg
7554740125780,7554740125780.jpg
7554740191316,7554740191316.jpg
7554740224084,7554740224084.jpg
7554740355156,7554740355156.jpg
7554989326422,7554989326422.jpg
7558331138132,7558331138132.jpg
7558331236436,7558331236436.jpg
7558331269204,7558331269204.jpg
7558352306260,7558352306260.jpg
7558548586582,7558548586582.jpg
7558548979798,7558548979798.jpg
7559342555222,7559342555222.jpg
7562570465364,7562570465364.jpg
7562607329364,7562607329364.jpg
7562649894996,7562649894996.jpg
7562649960532,7562649960532.jpg
7562650255444,7562650255444.jpg
7562650320980,7562650320980.jpg
7562650386516,7562650386516.jpg
7562650714196,7562650714196.jpg
7562650812500,7562650812500.jpg
7562650845268,7562650845268.jpg
7562650976340,7562650976340.jpg
7562651041876,7562651041876.jpg
7562654548052,7562654548052.jpg
7562654613588,7562654613588.jpg
7562654810196,7562654810196.jpg
7562654875732,7562654875732.jpg
7562654974036,7562654974036.jpg
7562655072340,7562655072340.jpg
7562655105108,7562655105108.jpg
7562655170644,7562655170644.jpg
7562657595476,7562657595476.jpg
7562658152532,7562658152532.jpg
7562658250836,7562658250836.jpg
7562660315220,7562660315220.jpg
7562660544596,7562660544596.jpg
7562660610132,7562660610132.jpg
7562661757012,7562661757012.jpg
7562661888084,7562661888084.jpg
7562664018004,7562664018004.jpg
7562664247380,7562664247380.jpg
7562776379478,7562776379478.jpg
7562779557974,7562779557974.jpg
7562779623510,7562779623510.jpg
7562779689046,7562779689046.jpg
7562784211030,7562784211030.jpg
7562784243798,7562784243798.jpg
7562784964694,7562784964694.jpg
7562794238038,7562794238038.jpg
7562798530646,7562798530646.jpg
7562810654806,7562810654806.jpg
7562813145174,7562813145174.jpg
7562813177942,7562813177942.jpg
7562815799382,7562815799382.jpg
7562815832150,7562815832150.jpg
7562815864918,7562815864918.jpg
7562816618582,7562816618582.jpg
7562816651350,7562816651350.jpg
7562819993686,7562819993686.jpg
7562827300950,7562827300950.jpg
7562830839894,7562830839894.jpg
7562830905430,7562830905430.jpg
7562831003734,7562831003734.jpg
7562831036502,7562831036502.jpg
7562834706518,7562834706518.jpg
7562835263574,7562835263574.jpg
7562835394646,7562835394646.jpg
7562835460182,7562835460182.jpg
7562835492950,7562835492950.jpg
7562835558486,7562835558486.jpg
7562835689558,7562835689558.jpg
7562835886166,7562835886166.jpg
7562841653334,7562841653334.jpg
7562846142550,7562846142550.jpg
7562846175318,7562846175318.jpg
7562846208086,7562846208086.jpg
7562846306390,7562846306390.jpg
7562846371926,7562846371926.jpg
7562846404694,7562846404694.jpg
7562847649878,7562847649878.jpg
7562847879254,7562847879254.jpg
7562850566230,7562850566230.jpg
7562854301782,7562854301782.jpg
7562854694998,7562854694998.jpg
7562856104022,7562856104022.jpg
7562857087062,7562857087062.jpg
7562858233942,7562858233942.jpg
7562858430550,7562858430550.jpg
7562858528854,7562858528854.jpg
7562860462166,7562860462166.jpg
7562860920918,7562860920918.jpg
7562860953686,7562860953686.jpg
7562861117526,7562861117526.jpg
7562861150294,7562861150294.jpg
7562861248598,7562861248598.jpg
7562861281366,7562861281366.jpg
7562861314134,7562861314134.jpg
7562861379670,7562861379670.jpg
7562861412438,7562861412438.jpg
7562863149142,7562863149142.jpg
7562863247446,7562863247446.jpg
7562863706198,7562863706198.jpg
7562866294870,7562866294870.jpg
7562868818006,7562868818006.jpg
7562870128726,7562870128726.jpg
7562871242838,7562871242838.jpg
7562871734358,7562871734358.jpg
7562873045078,7562873045078.jpg
7562873339990,7562873339990.jpg
7562875011158,7562875011158.jpg
7562875600982,7562875600982.jpg
7562875699286,7562875699286.jpg
7562875732054,7562875732054.jpg
7562875797590,7562875797590.jpg
7562875928662,7562875928662.jpg
7562876026966,7562876026966.jpg
7562876092502,7562876092502.jpg
7562876190806,7562876190806.jpg
7562877075542,7562877075542.jpg
7562881138774,7562881138774.jpg
7562881335382,7562881335382.jpg
7562884251734,7562884251734.jpg
7562884546646,7562884546646.jpg
7562884644950,7562884644950.jpg
7562884743254,7562884743254.jpg
7562884776022,7562884776022.jpg
7562886053974,7562886053974.jpg
7562886086742,7562886086742.jpg
7562886119510,7562886119510.jpg
7562886316118,7562886316118.jpg
7562887135318,7562887135318.jpg
7562887233622,7562887233622.jpg
7562889003094,7562889003094.jpg
7562889068630,7562889068630.jpg
7562889691222,7562889691222.jpg
7562890772566,7562890772566.jpg
7562890805334,7562890805334.jpg
7562890838102,7562890838102.jpg
7562891165782,7562891165782.jpg
7562891395158,7562891395158.jpg
7562891460694,7562891460694.jpg
7562891493462,7562891493462.jpg
7562891526230,7562891526230.jpg
7562891558998,7562891558998.jpg
7562891624534,7562891624534.jpg
7562891690070,7562891690070.jpg
7562892214358,7562892214358.jpg
7562892312662,7562892312662.jpg
7562892509270,7562892509270.jpg
7562892574806,7562892574806.jpg
7562892607574,7562892607574.jpg
7562893328470,7562893328470.jpg
7562893492310,7562893492310.jpg
7562893819990,7562893819990.jpg
7562895425622,7562895425622.jpg
7562895458390,7562895458390.jpg
7562895523926,7562895523926.jpg
7562895556694,7562895556694.jpg
7562895589462,7562895589462.jpg
7562897260630,7562897260630.jpg
7562897293398,7562897293398.jpg
7562897883222,7562897883222.jpg
7562898178134,7562898178134.jpg
7562898210902,7562898210902.jpg
7562898505814,7562898505814.jpg
7562899259478,7562899259478.jpg
7562899587158,7562899587158.jpg
7562899980374,7562899980374.jpg
7562900111446,7562900111446.jpg
7562900176982,7562900176982.jpg
7562900373590,7562900373590.jpg
7562900930646,7562900930646.jpg
7562900963414,7562900963414.jpg
7562901520470,7562901520470.jpg
7562901586006,7562901586006.jpg
7562902569046,7562902569046.jpg
7562902601814,7562902601814.jpg
7562902634582,7562902634582.jpg
7562903224406,7562903224406.jpg
7562904076374,7562904076374.jpg
7562904141910,7562904141910.jpg
7562904207446,7562904207446.jpg
7562904272982,7562904272982.jpg
7562904371286,7562904371286.jpg
7562905026646,7562905026646.jpg
7562906271830,7562906271830.jpg
7562906304598,7562906304598.jpg
7562907746390,7562907746390.jpg
7562907779158,7562907779158.jpg
7562908368982,7562908368982.jpg
7562908401750,7562908401750.jpg
7562909220950,7562909220950.jpg
7562912137302,7562912137302.jpg
7562912432214,7562912432214.jpg
7562912464982,7562912464982.jpg
7562912727126,7562912727126.jpg
7562913480790,7562913480790.jpg
7562914136150,7562914136150.jpg
7562914299990,7562914299990.jpg
7562915545174,7562915545174.jpg
7562915971158,7562915971158.jpg
7562916003926,7562916003926.jpg
7562916036694,7562916036694.jpg
7562916134998,7562916134998.jpg
7562916266070,7562916266070.jpg
7562916298838,7562916298838.jpg
7562916331606,7562916331606.jpg
7562916364374,7562916364374.jpg
7562916397142,7562916397142.jpg
7562916593750,7562916593750.jpg
7562916659286,7562916659286.jpg
7562916692054,7562916692054.jpg
7562916724822,7562916724822.jpg
7562916855894,7562916855894.jpg
7562919084118,7562919084118.jpg
7562919149654,7562919149654.jpg
7562919411798,7562919411798.jpg
7562919444566,7562919444566.jpg
7562919477334,7562919477334.jpg
7562919510102,7562919510102.jpg
7562919608406,7562919608406.jpg
7562919641174,7562919641174.jpg
7562919673942,7562919673942.jpg
7562919706710,7562919706710.jpg
7562919739478,7562919739478.jpg
7562919772246,7562919772246.jpg
7562919805014,7562919805014.jpg
7562919837782,7562919837782.jpg
7562919870550,7562919870550.jpg
7562919903318,7562919903318.jpg
7562919936086,7562919936086.jpg
7562920656982,7562920656982.jpg
7562920689750,7562920689750.jpg
7562920722518,7562920722518.jpg
7562922983510,7562922983510.jpg
7562923114582,7562923114582.jpg
7562923966550,7562923966550.jpg
7562924032086,7562924032086.jpg
7562924064854,7562924064854.jpg
7562924097622,7562924097622.jpg
7562924130390,7562924130390.jpg
7562924720214,7562924720214.jpg
7562924752982,7562924752982.jpg
7562924785750,7562924785750.jpg
7562924818518,7562924818518.jpg
7562924884054,7562924884054.jpg
7562924949590,7562924949590.jpg
7562924982358,7562924982358.jpg
7562925015126,7562925015126.jpg
7562925146198,7562925146198.jpg
7562925178966,7562925178966.jpg
7562925211734,7562925211734.jpg
7562925310038,7562925310038.jpg
7562925375574,7562925375574.jpg
7562925604950,7562925604950.jpg
7562925703254,7562925703254.jpg
7562925768790,7562925768790.jpg
7562925867094,7562925867094.jpg
7562925899862,7562925899862.jpg
7562925932630,7562925932630.jpg
7562925965398,7562925965398.jpg
7562926162006,7562926162006.jpg
7562926194774,7562926194774.jpg
7562926424150,7562926424150.jpg
7562926456918,7562926456918.jpg
7562926489686,7562926489686.jpg
7562926522454,7562926522454.jpg
7562926555222,7562926555222.jpg
7562926587990,7562926587990.jpg
7562926653526,7562926653526.jpg
7562926719062,7562926719062.jpg
7562927669334,7562927669334.jpg
7562927702102,7562927702102.jpg
7562929373270,7562929373270.jpg
7562929569878,7562929569878.jpg
7562929602646,7562929602646.jpg
7562929635414,7562929635414.jpg
7562929799254,7562929799254.jpg
7562929864790,7562929864790.jpg
7562929897558,7562929897558.jpg
7562930290774,7562930290774.jpg
7562930815062,7562930815062.jpg
7562930847830,7562930847830.jpg
7562930946134,7562930946134.jpg
7562930978902,7562930978902.jpg
7562931077206,7562931077206.jpg
7562931241046,7562931241046.jpg
7562931699798,7562931699798.jpg
7562931732566,7562931732566.jpg
7562931765334,7562931765334.jpg
7562931798102,7562931798102.jpg
7562931830870,7562931830870.jpg
7562931863638,7562931863638.jpg
7562932158550,7562932158550.jpg
7562935468118,7562935468118.jpg
7562936221782,7562936221782.jpg
7562936254550,7562936254550.jpg
7562936385622,7562936385622.jpg
7562936877142,7562936877142.jpg
7562936942678,7562936942678.jpg
7562939236438,7562939236438.jpg
7562939269206,7562939269206.jpg
7562939301974,7562939301974.jpg
7562939334742,7562939334742.jpg
7562939367510,7562939367510.jpg
7562939400278,7562939400278.jpg
7562939564118,7562939564118.jpg
7562939596886,7562939596886.jpg
7562939629654,7562939629654.jpg
7562939662422,7562939662422.jpg
7562939695190,7562939695190.jpg
7562939727958,7562939727958.jpg
7562939760726,7562939760726.jpg
7562939793494,7562939793494.jpg
7562939826262,7562939826262.jpg
7562939859030,7562939859030.jpg
7562939957334,7562939957334.jpg
7562939990102,7562939990102.jpg
7562940022870,7562940022870.jpg
7562940055638,7562940055638.jpg
7562940088406,7562940088406.jpg
7562940121174,7562940121174.jpg
7562940153942,7562940153942.jpg
7562940186710,7562940186710.jpg
7562940219478,7562940219478.jpg
7562940252246,7562940252246.jpg
7562940285014,7562940285014.jpg
7562940350550,7562940350550.jpg
7562940383318,7562940383318.jpg
7562940416086,7562940416086.jpg
7562940448854,7562940448854.jpg
7562940481622,7562940481622.jpg
7562940514390,7562940514390.jpg
7562940547158,7562940547158.jpg
7562940579926,7562940579926.jpg
7562940612694,7562940612694.jpg
7562940645462,7562940645462.jpg
7562940809302,7562940809302.jpg
7562940940374,7562940940374.jpg
7562940973142,7562940973142.jpg
7562941005910,7562941005910.jpg
7562941038678,7562941038678.jpg
7562941071446,7562941071446.jpg
7562941104214,7562941104214.jpg
7562941136982,7562941136982.jpg
7562941169750,7562941169750.jpg
7562941202518,7562941202518.jpg
7562941235286,7562941235286.jpg
7562941268054,7562941268054.jpg
7562941333590,7562941333590.jpg
7562941366358,7562941366358.jpg
7562941399126,7562941399126.jpg
7562941431894,7562941431894.jpg
7562941464662,7562941464662.jpg
7562941988950,7562941988950.jpg
7562942021718,7562942021718.jpg
7562942054486,7562942054486.jpg
7562942087254,7562942087254.jpg
7562942152790,7562942152790.jpg
7562942218326,7562942218326.jpg
7562942349398,7562942349398.jpg
7562942382166,7562942382166.jpg
7562942414934,7562942414934.jpg
7562942447702,7562942447702.jpg
7562943168598,7562943168598.jpg
7562943201366,7562943201366.jpg
7562943234134,7562943234134.jpg
7562943266902,7562943266902.jpg
7562943299670,7562943299670.jpg
7562943332438,7562943332438.jpg
7562943365206,7562943365206.jpg
7562943397974,7562943397974.jpg
7562943430742,7562943430742.jpg
7562943758422,7562943758422.jpg
7562943791190,7562943791190.jpg
7562943823958,7562943823958.jpg
7562943856726,7562943856726.jpg
7562945396822,7562945396822.jpg
7562945429590,7562945429590.jpg
7562945462358,7562945462358.jpg
7562945495126,7562945495126.jpg
7562945527894,7562945527894.jpg
7562945593430,7562945593430.jpg
7562945626198,7562945626198.jpg
7562945724502,7562945724502.jpg
7562945757270,7562945757270.jpg
7562945790038,7562945790038.jpg
7562945855574,7562945855574.jpg
7562945888342,7562945888342.jpg
7562946347094,7562946347094.jpg
7562946379862,7562946379862.jpg
7562946543702,7562946543702.jpg
7562946576470,7562946576470.jpg
7562946609238,7562946609238.jpg
7562946642006,7562946642006.jpg
7562946969686,7562946969686.jpg
7562947002454,7562947002454.jpg
7562947035222,7562947035222.jpg
7562947100758,7562947100758.jpg
7562947133526,7562947133526.jpg
7562948182102,7562948182102.jpg
7562948214870,7562948214870.jpg
7562948247638,7562948247638.jpg
7562948280406,7562948280406.jpg
7562948378710,7562948378710.jpg
7562948411478,7562948411478.jpg
7562948444246,7562948444246.jpg
7562948739158,7562948739158.jpg
7562949034070,7562949034070.jpg
7562949230678,7562949230678.jpg
7562949328982,7562949328982.jpg
7562949361750,7562949361750.jpg
7562949394518,7562949394518.jpg
7562949427286,7562949427286.jpg
7562949853270,7562949853270.jpg
7562950115412,7562950115412.jpg
7562950180948,7562950180948.jpg
7562950312022,7562950312022.jpg
7562950344790,7562950344790.jpg
7562950541398,7562950541398.jpg
7562950738006,7562950738006.jpg
7562951163990,7562951163990.jpg
7562951229526,7562951229526.jpg
7562951295062,7562951295062.jpg
7562951655510,7562951655510.jpg
7562951852118,7562951852118.jpg
7562952409174,7562952409174.jpg
7562952441942,7562952441942.jpg
7562952769622,7562952769622.jpg
7562952867926,7562952867926.jpg
7562952900694,7562952900694.jpg
7562952966230,7562952966230.jpg
7562953031766,7562953031766.jpg
7562953228374,7562953228374.jpg
7562953457750,7562953457750.jpg
7562953687126,7562953687126.jpg
7562953719894,7562953719894.jpg
7562954473558,7562954473558.jpg
7562955653206,7562955653206.jpg
7562955817046,7562955817046.jpg
7562956046422,7562956046422.jpg
7562956079190,7562956079190.jpg
7562956111958,7562956111958.jpg
7562956144726,7562956144726.jpg
7562956275798,7562956275798.jpg
7562956341334,7562956341334.jpg
7562956374102,7562956374102.jpg
7562956406870,7562956406870.jpg
7562956439638,7562956439638.jpg
7562957357142,7562957357142.jpg
7562957553750,7562957553750.jpg
7562957619286,7562957619286.jpg
7562958340182,7562958340182.jpg
7562959585366,7562959585366.jpg
7562960109654,7562960109654.jpg
7562960142422,7562960142422.jpg
7562960175190,7562960175190.jpg
7562960240726,7562960240726.jpg
7562960273494,7562960273494.jpg
7562960306262,7562960306262.jpg
7562960339030,7562960339030.jpg
7562961453142,7562961453142.jpg
7562961485910,7562961485910.jpg
7562962632790,7562962632790.jpg
7562962665558,7562962665558.jpg
7562965286998,7562965286998.jpg
7562965319766,7562965319766.jpg
7562965352534,7562965352534.jpg
7562965385302,7562965385302.jpg
7562965418070,7562965418070.jpg
7562965450838,7562965450838.jpg
7562965483606,7562965483606.jpg
7562965516374,7562965516374.jpg
7562965549142,7562965549142.jpg
7562965581910,7562965581910.jpg
7562965614678,7562965614678.jpg
7562965712982,7562965712982.jpg
7562965745750,7562965745750.jpg
7562966073430,7562966073430.jpg
7562966171734,7562966171734.jpg
7562966335574,7562966335574.jpg
7562966532182,7562966532182.jpg
7562966564950,7562966564950.jpg
7562966597718,7562966597718.jpg
7562966630486,7562966630486.jpg
7562966728790,7562966728790.jpg
7562966761558,7562966761558.jpg
7562966794326,7562966794326.jpg
7562966827094,7562966827094.jpg
7562966859862,7562966859862.jpg
7562967023702,7562967023702.jpg
7562967056470,7562967056470.jpg
7562967089238,7562967089238.jpg
7562972495958,7562972495958.jpg
7562973151318,7562973151318.jpg
7562973184086,7562973184086.jpg
7562973249622,7562973249622.jpg
7562973282390,7562973282390.jpg
7562973610070,7562973610070.jpg
7562974265430,7562974265430.jpg
7562974822486,7562974822486.jpg
7562974855254,7562974855254.jpg
7562976428118,7562976428118.jpg
7562976493654,7562976493654.jpg
7562976526422,7562976526422.jpg
7562976591958,7562976591958.jpg
7562976624726,7562976624726.jpg
7562976657494,7562976657494.jpg
7562976690262,7562976690262.jpg
7562976723030,7562976723030.jpg
7562976755798,7562976755798.jpg
7562977345622,7562977345622.jpg
7562978361430,7562978361430.jpg
7562978492502,7562978492502.jpg
7562979344470,7562979344470.jpg
7562979377238,7562979377238.jpg
7562981441622,7562981441622.jpg
7562983211094,7562983211094.jpg
7562983506006,7562983506006.jpg
7562983899222,7562983899222.jpg
7562983964758,7562983964758.jpg
7562984063062,7562984063062.jpg
7562984128598,7562984128598.jpg
7562984423510,7562984423510.jpg
7562985046102,7562985046102.jpg
7562985439318,7562985439318.jpg
7562985504854,7562985504854.jpg
7562986684502,7562986684502.jpg
7562986717270,7562986717270.jpg
7562987143254,7562987143254.jpg
7562987176022,7562987176022.jpg
7562989305942,7562989305942.jpg
7562989338710,7562989338710.jpg
7562989371478,7562989371478.jpg
7562990223446,7562990223446.jpg
7562991173718,7562991173718.jpg
7562991206486,7562991206486.jpg
7562991501398,7562991501398.jpg
7563267670197,7563267670197.jpg
7563797397713,7563797397713.jpg
7563797496017,7563797496017.jpg
7563797922001,7563797922001.jpg
7563798085841,7563798085841.jpg
7563874107476,7563874107476.jpg
7563878334548,7563878334548.jpg
7564499517524,7564499517524.jpg
7564499550292,7564499550292.jpg
7564595691604,7564595691604.jpg
7564595757140,7564595757140.jpg
7564595789908,7564595789908.jpg
7564636225745,7564636225745.jpg
7564636618961,7564636618961.jpg
7564636717265,7564636717265.jpg
7564636782801,7564636782801.jpg
7564636848337,7564636848337.jpg
7564636913873,7564636913873.jpg
7564637077713,7564637077713.jpg
7564637110481,7564637110481.jpg
7564637176017,7564637176017.jpg
7564637241553,7564637241553.jpg
7564637274321,7564637274321.jpg
7564637339857,7564637339857.jpg
7564637405393,7564637405393.jpg
7564647333972,7564647333972.jpg
7564647366740,7564647366740.jpg
7564647399508,7564647399508.jpg
7564647563348,7564647563348.jpg
7564648120404,7564648120404.jpg
7564648153172,7564648153172.jpg
7564648185940,7564648185940.jpg
7564648251476,7564648251476.jpg
7564648284244,7564648284244.jpg
7564648349780,7564648349780.jpg
7564648382548,7564648382548.jpg
7564649168980,7564649168980.jpg
7564649300052,7564649300052.jpg
7564649463892,7564649463892.jpg
7564650119252,7564650119252.jpg
7564650184788,7564650184788.jpg
7564650217556,7564650217556.jpg
7564650250324,7564650250324.jpg
7564650381396,7564650381396.jpg
7564650545236,7564650545236.jpg
7564652380244,7564652380244.jpg
7564652740692,7564652740692.jpg
7564653101140,7564653101140.jpg
7564653199444,7564653199444.jpg
7566443118676,7566443118676.jpg
7566443216980,7566443216980.jpg
7566443282516,7566443282516.jpg
7566443315284,7566443315284.jpg
7566443380820,7566443380820.jpg
7566443413588,7566443413588.jpg
7566448001108,7566448001108.jpg
7566448066644,7566448066644.jpg
7566544535636,7566544535636.jpg
7566544633940,7566544633940.jpg
7566544666708,7566544666708.jpg
7566544699476,7566544699476.jpg
7566544732244,7566544732244.jpg
7566544928852,7566544928852.jpg
7566545256532,7566545256532.jpg
7566545289300,7566545289300.jpg
7566545354836,7566545354836.jpg
7566545387604,7566545387604.jpg
7566545420372,7566545420372.jpg
7566545453140,7566545453140.jpg
7566545485908,7566545485908.jpg
7566545584212,7566545584212.jpg
7566545616980,7566545616980.jpg
7566545649748,7566545649748.jpg
7566545944660,7566545944660.jpg
7566546075732,7566546075732.jpg
7566546174036,7566546174036.jpg
7566546403412,7566546403412.jpg
7566555873364,7566555873364.jpg
7566555906132,7566555906132.jpg
7567081766996,7567081766996.jpg
7567081799764,7567081799764.jpg
7568374497489,7568374497489.jpg
7569104896084,7569104896084.jpg
7569104928852,7569104928852.jpg
7569207427156,7569207427156.jpg
7569207492692,7569207492692.jpg
7569207525460,7569207525460.jpg
7569207623764,7569207623764.jpg
7569207656532,7569207656532.jpg
7569207689300,7569207689300.jpg
7569207722068,7569207722068.jpg
7569207754836,7569207754836.jpg
7569207787604,7569207787604.jpg
7569207820372,7569207820372.jpg
7569207853140,7569207853140.jpg
7569207885908,7569207885908.jpg
7569207951444,7569207951444.jpg
7569208016980,7569208016980.jpg
7569208049748,7569208049748.jpg
7569208148052,7569208148052.jpg
7569208213588,7569208213588.jpg
7569208279124,7569208279124.jpg
7569208311892,7569208311892.jpg
7569208508500,7569208508500.jpg
7569208606804,7569208606804.jpg
7569208737876,7569208737876.jpg
7569208770644,7569208770644.jpg
7569208803412,7569208803412.jpg
7569208836180,7569208836180.jpg
7569212604500,7569212604500.jpg
7569212670036,7569212670036.jpg
7569212768340,7569212768340.jpg
7569212801108,7569212801108.jpg
7569212899412,7569212899412.jpg
7569212932180,7569212932180.jpg
7569212964948,7569212964948.jpg
7569213128788,7569213128788.jpg
7569213161556,7569213161556.jpg
7569213227092,7569213227092.jpg
7569213292628,7569213292628.jpg
7569214079060,7569214079060.jpg
7569214111828,7569214111828.jpg
7569214177364,7569214177364.jpg
7569214242900,7569214242900.jpg
7569214275668,7569214275668.jpg
7569214341204,7569214341204.jpg
7569214373972,7569214373972.jpg
7569214406740,7569214406740.jpg
7569214439508,7569214439508.jpg
7569214472276,7569214472276.jpg
7569214505044,7569214505044.jpg
7569214537812,7569214537812.jpg
7569214636116,7569214636116.jpg
7569214832724,7569214832724.jpg
7569214865492,7569214865492.jpg
7569214996564,7569214996564.jpg
7569215127636,7569215127636.jpg
7569215291476,7569215291476.jpg
7569215881300,7569215881300.jpg
7569215946836,7569215946836.jpg
7569215979604,7569215979604.jpg
7569216012372,7569216012372.jpg
7569216340052,7569216340052.jpg
7569216471124,7569216471124.jpg
7569216766036,7569216766036.jpg
7569645011001,7569645011001.jpg
7569646747705,7569646747705.jpg
7569647239225,7569647239225.jpg
7569649860665,7569649860665.jpg
7569650974777,7569650974777.jpg
7569651499065,7569651499065.jpg
7569651761209,7569651761209.jpg
7569652842553,7569652842553.jpg
7570371379284,7570371379284.jpg
7570382291028,7570382291028.jpg
7570444517462,7570444517462.jpg
7570649415764,7570649415764.jpg
7570649448532,7570649448532.jpg
7570649514068,7570649514068.jpg
7570649546836,7570649546836.jpg
7570649677908,7570649677908.jpg
7570649710676,7570649710676.jpg
7570649776212,7570649776212.jpg
7570649808980,7570649808980.jpg
7570649841748,7570649841748.jpg
7570649972820,7570649972820.jpg
7570650071124,7570650071124.jpg
7570650103892,7570650103892.jpg
7570650169428,7570650169428.jpg
7570650202196,7570650202196.jpg
7570650234964,7570650234964.jpg
7570650300500,7570650300500.jpg
7570650366036,7570650366036.jpg
7570650497108,7570650497108.jpg
7570650759252,7570650759252.jpg
7570650988628,7570650988628.jpg
7570651086932,7570651086932.jpg
7570651119700,7570651119700.jpg
7570651152468,7570651152468.jpg
7570651218004,7570651218004.jpg
7570651250772,7570651250772.jpg
7570651349076,7570651349076.jpg
7570651480148,7570651480148.jpg
7570651512916,7570651512916.jpg
7570651611220,7570651611220.jpg
7570651840596,7570651840596.jpg
7570651906132,7570651906132.jpg
7570651938900,7570651938900.jpg
7570651971668,7570651971668.jpg
7570685886548,7570685886548.jpg
7570685919316,7570685919316.jpg
7571012288721,7571012288721.jpg
7571012321489,7571012321489.jpg
7571012387025,7571012387025.jpg
7571012518097,7571012518097.jpg
7571012681937,7571012681937.jpg
7571012780241,7571012780241.jpg
7571012813009,7571012813009.jpg
7571012878545,7571012878545.jpg
7571012944081,7571012944081.jpg
7571012976849,7571012976849.jpg
7571013337297,7571013337297.jpg
7571013697745,7571013697745.jpg
7571013730513,7571013730513.jpg
7571013796049,7571013796049.jpg
7571013828817,7571013828817.jpg
7571013927121,7571013927121.jpg
7571014058193,7571014058193.jpg
7571014090961,7571014090961.jpg
7571014189265,7571014189265.jpg
7571014713553,7571014713553.jpg
7571015237841,7571015237841.jpg
7571015991505,7571015991505.jpg
7571016122577,7571016122577.jpg
7571016876241,7571016876241.jpg
7571017171153,7571017171153.jpg
7571017203921,7571017203921.jpg
7571017334993,7571017334993.jpg
7571017498833,7571017498833.jpg
7571017695441,7571017695441.jpg
7571017990353,7571017990353.jpg
7571018055889,7571018055889.jpg
7571018154193,7571018154193.jpg
7571018481873,7571018481873.jpg
7571018645713,7571018645713.jpg
7571018678481,7571018678481.jpg
7571018776785,7571018776785.jpg
7571019530449,7571019530449.jpg
7571019595985,7571019595985.jpg
7571020120273,7571020120273.jpg
7571021005009,7571021005009.jpg
7571021234385,7571021234385.jpg
7571021332689,7571021332689.jpg
7571021365457,7571021365457.jpg
7571021430993,7571021430993.jpg
7571022905553,7571022905553.jpg
7571024249041,7571024249041.jpg
7571024412881,7571024412881.jpg
7571024806097,7571024806097.jpg
7571024904401,7571024904401.jpg
7571024937169,7571024937169.jpg
7571025035473,7571025035473.jpg
7571025101009,7571025101009.jpg
7571025133777,7571025133777.jpg
7571025199313,7571025199313.jpg
7571025264849,7571025264849.jpg
7571025297617,7571025297617.jpg
7571025395921,7571025395921.jpg
7571025461457,7571025461457.jpg
7571025494225,7571025494225.jpg
7571025559761,7571025559761.jpg
7571025625297,7571025625297.jpg
7571025658065,7571025658065.jpg
7571025690833,7571025690833.jpg
7571025756369,7571025756369.jpg
7571025821905,7571025821905.jpg
7571026051281,7571026051281.jpg
7571026116817,7571026116817.jpg
7571026182353,7571026182353.jpg
7571026215121,7571026215121.jpg
7571026313425,7571026313425.jpg
7571026346193,7571026346193.jpg
7571026444497,7571026444497.jpg
7571026477265,7571026477265.jpg
7571026510033,7571026510033.jpg
7571026641105,7571026641105.jpg
7571026673873,7571026673873.jpg
7571026739409,7571026739409.jpg
7571026804945,7571026804945.jpg
7571026837713,7571026837713.jpg
7571026870481,7571026870481.jpg
7571026903249,7571026903249.jpg
7571026936017,7571026936017.jpg
7571027034321,7571027034321.jpg
7571027067089,7571027067089.jpg
7571027099857,7571027099857.jpg
7571027296465,7571027296465.jpg
7571027394769,7571027394769.jpg
7571027558609,7571027558609.jpg
7571027624145,7571027624145.jpg
7571027820753,7571027820753.jpg
7571027951825,7571027951825.jpg
7571027984593,7571027984593.jpg
7571028050129,7571028050129.jpg
7571028148433,7571028148433.jpg
7571028181201,7571028181201.jpg
7571028246737,7571028246737.jpg
7571028279505,7571028279505.jpg
7571028345041,7571028345041.jpg
7571088834644,7571088834644.jpg
7571089424468,7571089424468.jpg
7571089490004,7571089490004.jpg
7571089621076,7571089621076.jpg
7571089784916,7571089784916.jpg
7571089817684,7571089817684.jpg
7571089850452,7571089850452.jpg
7571090243668,7571090243668.jpg
7571090309204,7571090309204.jpg
7571090604116,7571090604116.jpg
7571090636884,7571090636884.jpg
7571090669652,7571090669652.jpg
7571090866260,7571090866260.jpg
7571091030100,7571091030100.jpg
7571091062868,7571091062868.jpg
7571091095636,7571091095636.jpg
7571091259476,7571091259476.jpg
7571091357780,7571091357780.jpg
7571091390548,7571091390548.jpg
7571091456084,7571091456084.jpg
7571091554388,7571091554388.jpg
7571091619924,7571091619924.jpg
7571091685460,7571091685460.jpg
7571091816532,7571091816532.jpg
7571091947604,7571091947604.jpg
7571091980372,7571091980372.jpg
7571107610708,7571107610708.jpg
7571107643476,7571107643476.jpg
7571107676244,7571107676244.jpg
7571107709012,7571107709012.jpg
7571107741780,7571107741780.jpg
7571107905620,7571107905620.jpg
7571107938388,7571107938388.jpg
7571108003924,7571108003924.jpg
7571108036692,7571108036692.jpg
7571108069460,7571108069460.jpg
7571108134996,7571108134996.jpg
7571108167764,7571108167764.jpg
7571108200532,7571108200532.jpg
7571108266068,7571108266068.jpg
7571108298836,7571108298836.jpg
7571108331604,7571108331604.jpg
7571108364372,7571108364372.jpg
7571114983508,7571114983508.jpg
7571117998164,7571117998164.jpg
7571118030932,7571118030932.jpg
7571118096468,7571118096468.jpg
7571118162004,7571118162004.jpg
7571124453460,7571124453460.jpg
7571124486228,7571124486228.jpg
7571124518996,7571124518996.jpg
7571124551764,7571124551764.jpg
7571124748372,7571124748372.jpg
7571126976596,7571126976596.jpg
7571127009364,7571127009364.jpg
7571127566420,7571127566420.jpg
7571127599188,7571127599188.jpg
7571127664724,7571127664724.jpg
7571127697492,7571127697492.jpg
7571127894100,7571127894100.jpg
7571128123476,7571128123476.jpg
7571128582228,7571128582228.jpg
7571498958932,7571498958932.jpg
7571498991700,7571498991700.jpg
7571499024468,7571499024468.jpg
7571499057236,7571499057236.jpg
7571499090004,7571499090004.jpg
7571499253844,7571499253844.jpg
7571499286612,7571499286612.jpg
7572184367188,7572184367188.jpg
7572184432724,7572184432724.jpg
7572184498260,7572184498260.jpg
7572903034966,7572903034966.jpg
7572913061974,7572913061974.jpg
7572915781718,7572915781718.jpg
7572915945558,7572915945558.jpg
7572918992982,7572918992982.jpg
7572919058518,7572919058518.jpg
7572919353430,7572919353430.jpg
7572919386198,7572919386198.jpg
7572920238166,7572920238166.jpg
7572920270934,7572920270934.jpg
7572920336470,7572920336470.jpg
7572920467542,7572920467542.jpg
7572920500310,7572920500310.jpg
7572920533078,7572920533078.jpg
7572922859606,7572922859606.jpg
7572922892374,7572922892374.jpg
7573043052601,7573043052601.jpg
7573580316756,7573580316756.jpg
7573580382292,7573580382292.jpg
7573580415060,7573580415060.jpg
7573580447828,7573580447828.jpg
7573580644436,7573580644436.jpg
7573580677204,7573580677204.jpg
7573580709972,7573580709972.jpg
7573580742740,7573580742740.jpg
7573580775508,7573580775508.jpg
7573580841044,7573580841044.jpg
7573580873812,7573580873812.jpg
7573580906580,7573580906580.jpg
7573580939348,7573580939348.jpg
7573580972116,7573580972116.jpg
7573581037652,7573581037652.jpg
7573581070420,7573581070420.jpg
7573581103188,7573581103188.jpg
7573581135956,7573581135956.jpg
7573581168724,7573581168724.jpg
7573581201492,7573581201492.jpg
7573581234260,7573581234260.jpg
7573581267028,7573581267028.jpg
7573581299796,7573581299796.jpg
7573581332564,7573581332564.jpg
7573581365332,7573581365332.jpg
7573581398100,7573581398100.jpg
7573581430868,7573581430868.jpg
7573581463636,7573581463636.jpg
7573581496404,7573581496404.jpg
7573581529172,7573581529172.jpg
7573581561940,7573581561940.jpg
7573581594708,7573581594708.jpg
7573581627476,7573581627476.jpg
7574229516372,7574229516372.jpg
7574229549140,7574229549140.jpg
7574229581908,7574229581908.jpg
7574229647444,7574229647444.jpg
7574229680212,7574229680212.jpg
7574229745748,7574229745748.jpg
7574229778516,7574229778516.jpg
7574229811284,7574229811284.jpg
7574229876820,7574229876820.jpg
7574229909588,7574229909588.jpg
7574229942356,7574229942356.jpg
7574230040660,7574230040660.jpg
7574230073428,7574230073428.jpg
7574230106196,7574230106196.jpg
7574230138964,7574230138964.jpg
7574230171732,7574230171732.jpg
7574230204500,7574230204500.jpg
7574230302804,7574230302804.jpg
7574230335572,7574230335572.jpg
7574230368340,7574230368340.jpg
7574230401108,7574230401108.jpg
7574230433876,7574230433876.jpg
7574230466644,7574230466644.jpg
7574230499412,7574230499412.jpg
7574230532180,7574230532180.jpg
7574230564948,7574230564948.jpg
7574230597716,7574230597716.jpg
7574230663252,7574230663252.jpg
7574230728788,7574230728788.jpg
7574230761556,7574230761556.jpg
7574230794324,7574230794324.jpg
7574230859860,7574230859860.jpg
7574230892628,7574230892628.jpg
7574448275665,7574448275665.jpg
7574448341201,7574448341201.jpg
7575551180886,7575551180886.jpg
7575551213654,7575551213654.jpg
7575551246422,7575551246422.jpg
7575551279190,7575551279190.jpg
7575561044054,7575561044054.jpg
7575760437332,7575760437332.jpg
7575760470100,7575760470100.jpg
7575870767188,7575870767188.jpg
7575871029332,7575871029332.jpg
7575871062100,7575871062100.jpg
7575871094868,7575871094868.jpg
7575871127636,7575871127636.jpg
7575871160404,7575871160404.jpg
7575871258708,7575871258708.jpg
7575871357012,7575871357012.jpg
7575916871764,7575916871764.jpg
7575916904532,7575916904532.jpg
7575917330516,7575917330516.jpg
7575917461588,7575917461588.jpg
7575917494356,7575917494356.jpg
7575931486292,7575931486292.jpg
7575931519060,7575931519060.jpg
7575931584596,7575931584596.jpg
7575931715668,7575931715668.jpg
7575975428182,7575975428182.jpg
7575975460950,7575975460950.jpg
7575975493718,7575975493718.jpg
7575975723094,7575975723094.jpg
7575975755862,7575975755862.jpg
7575975788630,7575975788630.jpg
7575975821398,7575975821398.jpg
7575975854166,7575975854166.jpg
7575975919702,7575975919702.jpg
7575975985238,7575975985238.jpg
7575976018006,7575976018006.jpg
7575976050774,7575976050774.jpg
7575976083542,7575976083542.jpg
7575976116310,7575976116310.jpg
7575976149078,7575976149078.jpg
7575976181846,7575976181846.jpg
7575976214614,7575976214614.jpg
7575976247382,7575976247382.jpg
7575976280150,7575976280150.jpg
7575986929750,7575986929750.jpg
7575986962518,7575986962518.jpg
7575986995286,7575986995286.jpg
7575987028054,7575987028054.jpg
7575987060822,7575987060822.jpg
7575987093590,7575987093590.jpg
7575987126358,7575987126358.jpg
7577704562774,7577704562774.jpg
7577704595542,7577704595542.jpg
7577704628310,7577704628310.jpg
7577704661078,7577704661078.jpg
7577704726614,7577704726614.jpg
7577704923222,7577704923222.jpg
7577704955990,7577704955990.jpg
7577704988758,7577704988758.jpg
7577705021526,7577705021526.jpg
7577706397782,7577706397782.jpg
7577706430550,7577706430550.jpg
7577707642966,7577707642966.jpg
7577957597268,7577957597268.jpg
7577957630036,7577957630036.jpg
7577957695572,7577957695572.jpg
7577957728340,7577957728340.jpg
7577966149716,7577966149716.jpg
7577967591508,7577967591508.jpg
7577967689812,7577967689812.jpg
7577988005972,7577988005972.jpg
7577988104276,7577988104276.jpg
7577988137044,7577988137044.jpg
7577988202580,7577988202580.jpg
7577988268116,7577988268116.jpg
7577988497492,7577988497492.jpg
7577988530260,7577988530260.jpg
7577988595796,7577988595796.jpg
7577989251156,7577989251156.jpg
7577989349460,7577989349460.jpg
7577989414996,7577989414996.jpg
7577989447764,7577989447764.jpg
7577989480532,7577989480532.jpg
7577989644372,7577989644372.jpg
7577989775444,7577989775444.jpg
7577989808212,7577989808212.jpg
7577989840980,7577989840980.jpg
7577989939284,7577989939284.jpg
7577989972052,7577989972052.jpg
7577997770836,7577997770836.jpg
7577998360660,7577998360660.jpg
7577998458964,7577998458964.jpg
7577998491732,7577998491732.jpg
7577998524500,7577998524500.jpg
7577998622804,7577998622804.jpg
7577998688340,7577998688340.jpg
7577998721108,7577998721108.jpg
7579708424276,7579708424276.jpg
7579708522580,7579708522580.jpg
7579759640660,7579759640660.jpg
7579759771732,7579759771732.jpg
7579759804500,7579759804500.jpg
7579759870036,7579759870036.jpg
7581182033977,7581182033977.jpg
7581182132281,7581182132281.jpg
7581182296121,7581182296121.jpg
7581182591033,7581182591033.jpg
7581182820409,7581182820409.jpg
7581183672377,7581183672377.jpg
7581185310777,7581185310777.jpg
7581186031673,7581186031673.jpg
7584464011321,7584464011321.jpg
7584464502841,7584464502841.jpg
7584465059897,7584465059897.jpg
7585291239510,7585291239510.jpg
7585291272278,7585291272278.jpg
7586773598294,7586773598294.jpg
7588246618293,7588246618293.jpg
7589005197493,7589005197493.jpg
7590537691222,7590537691222.jpg
7590537723990,7590537723990.jpg
7590537756758,7590537756758.jpg
7590537789526,7590537789526.jpg
7590537822294,7590537822294.jpg
7590537855062,7590537855062.jpg
7590537920598,7590537920598.jpg
7590538117206,7590538117206.jpg
7590538149974,7590538149974.jpg
7590538182742,7590538182742.jpg
7590538215510,7590538215510.jpg
7590538248278,7590538248278.jpg
7590538281046,7590538281046.jpg
7590538313814,7590538313814.jpg
7590538346582,7590538346582.jpg
7590538379350,7590538379350.jpg
7590538412118,7590538412118.jpg
7590538444886,7590538444886.jpg
7590538477654,7590538477654.jpg
7590538510422,7590538510422.jpg
7590538543190,7590538543190.jpg
7590538575958,7590538575958.jpg
7590538608726,7590538608726.jpg
7590538641494,7590538641494.jpg
7590538674262,7590538674262.jpg
7590538707030,7590538707030.jpg
7590538739798,7590538739798.jpg
7590538772566,7590538772566.jpg
7590538805334,7590538805334.jpg
7590538838102,7590538838102.jpg
7590538870870,7590538870870.jpg
7590538903638,7590538903638.jpg
7590538936406,7590538936406.jpg
7590538969174,7590538969174.jpg
7590539001942,7590539001942.jpg
7590539034710,7590539034710.jpg
7590539067478,7590539067478.jpg
7590539264086,7590539264086.jpg
7590539296854,7590539296854.jpg
7590539329622,7590539329622.jpg
7590539395158,7590539395158.jpg
7590539427926,7590539427926.jpg
7590539460694,7590539460694.jpg
7590539493462,7590539493462.jpg
7590539526230,7590539526230.jpg
7590539558998,7590539558998.jpg
7590539591766,7590539591766.jpg
7590539624534,7590539624534.jpg
7590539657302,7590539657302.jpg
7590539690070,7590539690070.jpg
7590539722838,7590539722838.jpg
7590539755606,7590539755606.jpg
7590539788374,7590539788374.jpg
7590539821142,7590539821142.jpg
7590539853910,7590539853910.jpg
7590539886678,7590539886678.jpg
7590539919446,7590539919446.jpg
7590539952214,7590539952214.jpg
7590539984982,7590539984982.jpg
7590540017750,7590540017750.jpg
7590540050518,7590540050518.jpg
7590540083286,7590540083286.jpg
7590540116054,7590540116054.jpg
7590540148822,7590540148822.jpg
7590540181590,7590540181590.jpg
7590540214358,7590540214358.jpg
7590540312662,7590540312662.jpg
7590540345430,7590540345430.jpg
7590540443734,7590540443734.jpg
7590540509270,7590540509270.jpg
7590540542038,7590540542038.jpg
7590540574806,7590540574806.jpg
7590540607574,7590540607574.jpg
7590540640342,7590540640342.jpg
7590540771414,7590540771414.jpg
7590540804182,7590540804182.jpg
7590540836950,7590540836950.jpg
7590540869718,7590540869718.jpg
7590540902486,7590540902486.jpg
7590540935254,7590540935254.jpg
7590540968022,7590540968022.jpg
7590551453782,7590551453782.jpg
7590551519318,7590551519318.jpg
7590551552086,7590551552086.jpg
7590551584854,7590551584854.jpg
7590551617622,7590551617622.jpg
7590551650390,7590551650390.jpg
7590551683158,7590551683158.jpg
7590551715926,7590551715926.jpg
7590862749782,7590862749782.jpg
7590862782550,7590862782550.jpg
7590864126038,7590864126038.jpg
7591297941590,7591297941590.jpg
7591303413846,7591303413846.jpg
7591303446614,7591303446614.jpg
7591308132438,7591308132438.jpg
7591412170838,7591412170838.jpg
7591412236374,7591412236374.jpg
7591412269142,7591412269142.jpg
7591412301910,7591412301910.jpg
7591412334678,7591412334678.jpg
7591412367446,7591412367446.jpg
7591412400214,7591412400214.jpg
7591412432982,7591412432982.jpg
7591412564054,7591412564054.jpg
7591412629590,7591412629590.jpg
7591412662358,7591412662358.jpg
7591412727894,7591412727894.jpg
7591412760662,7591412760662.jpg
7591412793430,7591412793430.jpg
7591412826198,7591412826198.jpg
7591412858966,7591412858966.jpg
7591412891734,7591412891734.jpg
7591412924502,7591412924502.jpg
7591412957270,7591412957270.jpg
7591413022806,7591413022806.jpg
7591413055574,7591413055574.jpg
7591413153878,7591413153878.jpg
7591413186646,7591413186646.jpg
7591559331924,7591559331924.jpg
7591559397460,7591559397460.jpg
7591559430228,7591559430228.jpg
7591559462996,7591559462996.jpg
7591559495764,7591559495764.jpg
7591584038998,7591584038998.jpg
7591584071766,7591584071766.jpg
7591584137302,7591584137302.jpg
7591595475030,7591595475030.jpg
7591735918649,7591735918649.jpg
7591736148025,7591736148025.jpg
7591736311865,7591736311865.jpg
7591736475705,7591736475705.jpg
7591736639545,7591736639545.jpg
7591880753238,7591880753238.jpg
7591880786006,7591880786006.jpg
7591884882006,7591884882006.jpg
7591884914774,7591884914774.jpg
7591884947542,7591884947542.jpg
7592629207124,7592629207124.jpg
7592629239892,7592629239892.jpg
7592629272660,7592629272660.jpg
7592629305428,7592629305428.jpg
7592712372310,7592712372310.jpg
7592859533493,7592859533493.jpg
7592871755957,7592871755957.jpg
7592873885782,7592873885782.jpg
7592873918550,7592873918550.jpg
7592873951318,7592873951318.jpg
7592873984086,7592873984086.jpg
7592874016854,7592874016854.jpg
7592874049622,7592874049622.jpg
7592874082390,7592874082390.jpg
7592874115158,7592874115158.jpg
7592874147926,7592874147926.jpg
7592874180694,7592874180694.jpg
7592878375093,7592878375093.jpg
7592906096821,7592906096821.jpg
7592954757301,7592954757301.jpg
7594022764725,7594022764725.jpg
7594035085493,7594035085493.jpg
7594035118261,7594035118261.jpg
7594036822197,7594036822197.jpg
7594037215413,7594037215413.jpg
7594699751605,7594699751605.jpg
7595788173396,7595788173396.jpg
7595788206164,7595788206164.jpg
7595788238932,7595788238932.jpg
7595788271700,7595788271700.jpg
7595788337236,7595788337236.jpg
7595788435540,7595788435540.jpg
7595788468308,7595788468308.jpg
7595804196948,7595804196948.jpg
7595804229716,7595804229716.jpg
7595804262484,7595804262484.jpg
7595821924436,7595821924436.jpg
7595822088276,7595822088276.jpg
7596847562836,7596847562836.jpg
7596847759444,7596847759444.jpg
7596847857748,7596847857748.jpg
7596847988820,7596847988820.jpg
7596848054356,7596848054356.jpg
7596848218196,7596848218196.jpg
7596848283732,7596848283732.jpg
7597387055188,7597387055188.jpg
7597387120724,7597387120724.jpg
7597387153492,7597387153492.jpg
7597387219028,7597387219028.jpg
7597552042068,7597552042068.jpg
7597552074836,7597552074836.jpg
7597552107604,7597552107604.jpg
7597552140372,7597552140372.jpg
7597822574678,7597822574678.jpg
7598014333014,7598014333014.jpg
7598014365782,7598014365782.jpg
7598014398550,7598014398550.jpg
7598284931156,7598284931156.jpg
7598284996692,7598284996692.jpg
7598285029460,7598285029460.jpg
7598285062228,7598285062228.jpg
7598285193300,7598285193300.jpg
7598285619284,7598285619284.jpg
7598285652052,7598285652052.jpg
7598285750356,7598285750356.jpg
7598285783124,7598285783124.jpg
7598285815892,7598285815892.jpg
7598546321494,7598546321494.jpg
7598579417174,7598579417174.jpg
7598579482710,7598579482710.jpg
7598579515478,7598579515478.jpg
7598641381462,7598641381462.jpg
7598641414230,7598641414230.jpg
7598672805974,7598672805974.jpg
7598672838742,7598672838742.jpg
7598695645270,7598695645270.jpg
7598695678038,7598695678038.jpg
7598699184214,7598699184214.jpg
7598699216982,7598699216982.jpg
7598699249750,7598699249750.jpg
7598699282518,7598699282518.jpg
7598699315286,7598699315286.jpg
7598703968342,7598703968342.jpg
7598713929814,7598713929814.jpg
7598724972630,7598724972630.jpg
7598725005398,7598725005398.jpg
7598725038166,7598725038166.jpg
7598823604310,7598823604310.jpg
7598833762390,7598833762390.jpg
7598833795158,7598833795158.jpg
7598833860694,7598833860694.jpg
7598833926230,7598833926230.jpg
7598841659478,7598841659478.jpg
7598841692246,7598841692246.jpg
7598862958678,7598862958678.jpg
7600035725521,7600035725521.jpg
7600035758289,7600035758289.jpg
7600035823825,7600035823825.jpg
7600035889361,7600035889361.jpg
7600035922129,7600035922129.jpg
7600035954897,7600035954897.jpg
7600036020433,7600036020433.jpg
7600036053201,7600036053201.jpg
7600036085969,7600036085969.jpg
7602111184980,7602111184980.jpg
7602111447124,7602111447124.jpg
7602111709268,7602111709268.jpg
7602111742036,7602111742036.jpg
7602111807572,7602111807572.jpg
7602111873108,7602111873108.jpg
7602156306516,7602156306516.jpg
7602156372052,7602156372052.jpg
7602156404820,7602156404820.jpg
7602156437588,7602156437588.jpg
7602186485844,7602186485844.jpg
7602186551380,7602186551380.jpg
7605895692372,7605895692372.jpg
7605895725140,7605895725140.jpg
7606009004241,7606009004241.jpg
7606009135313,7606009135313.jpg
7607214538836,7607214538836.jpg
7607214571604,7607214571604.jpg
7607214669908,7607214669908.jpg
7607214899284,7607214899284.jpg
7607214932052,7607214932052.jpg
7607312285780,7607312285780.jpg
7607312416852,7607312416852.jpg
7607312482388,7607312482388.jpg
7607312515156,7607312515156.jpg
7607312547924,7607312547924.jpg
7609456427092,7609456427092.jpg
7609456459860,7609456459860.jpg
7609456558164,7609456558164.jpg
7609456590932,7609456590932.jpg
7609456689236,7609456689236.jpg
7609456787540,7609456787540.jpg
7609457213524,7609457213524.jpg
7609457311828,7609457311828.jpg
7609457541204,7609457541204.jpg
7609457639508,7609457639508.jpg
7609475825748,7609475825748.jpg
7609475858516,7609475858516.jpg
7609475891284,7609475891284.jpg
7609475989588,7609475989588.jpg
7609476022356,7609476022356.jpg
7609476055124,7609476055124.jpg
7609476350036,7609476350036.jpg
7609480839252,7609480839252.jpg
7609480904788,7609480904788.jpg
7609481003092,7609481003092.jpg
7609481035860,7609481035860.jpg
7609481101396,7609481101396.jpg
7609481298004,7609481298004.jpg
7609481396308,7609481396308.jpg
7609481560148,7609481560148.jpg
7609481592916,7609481592916.jpg
7609481658452,7609481658452.jpg
7611517829301,7611517829301.jpg
7611519828149,7611519828149.jpg
7611529494709,7611529494709.jpg
7611532476597,7611532476597.jpg
7611547123893,7611547123893.jpg
7611574911157,7611574911157.jpg
7611583201461,7611583201461.jpg
7611629371573,7611629371573.jpg
7611633074357,7611633074357.jpg
7611640905909,7611640905909.jpg
7611645755573,7611645755573.jpg
7611650113717,7611650113717.jpg
7611656274101,7611656274101.jpg
7611658141877,7611658141877.jpg
7611764637877,7611764637877.jpg
7611790491734,7611790491734.jpg
7611790524502,7611790524502.jpg
7611791474774,7611791474774.jpg
7611791507542,7611791507542.jpg
7611793113174,7611793113174.jpg
7611793145942,7611793145942.jpg
7612984262865,7612984262865.jpg
7612984328401,7612984328401.jpg
7612984557777,7612984557777.jpg
7613024469173,7613024469173.jpg
7613066543285,7613066543285.jpg
7613919428692,7613919428692.jpg
7613919461460,7613919461460.jpg
7613919494228,7613919494228.jpg
7613959110740,7613959110740.jpg
7614487527510,7614487527510.jpg
7614487560278,7614487560278.jpg
7614487593046,7614487593046.jpg
7614487625814,7614487625814.jpg
7614824153174,7614824153174.jpg
7614824185942,7614824185942.jpg
7614824218710,7614824218710.jpg
7614824284246,7614824284246.jpg
7614824317014,7614824317014.jpg
7614824349782,7614824349782.jpg
7614824382550,7614824382550.jpg
7614824448086,7614824448086.jpg
7614824480854,7614824480854.jpg
7614824513622,7614824513622.jpg
7614824546390,7614824546390.jpg
7614824579158,7614824579158.jpg
7614824611926,7614824611926.jpg
7614824644694,7614824644694.jpg
7614824677462,7614824677462.jpg
7614824710230,7614824710230.jpg
7614824742998,7614824742998.jpg
7614824775766,7614824775766.jpg
7614824808534,7614824808534.jpg
7614824841302,7614824841302.jpg
7614824874070,7614824874070.jpg
7614824906838,7614824906838.jpg
7614824939606,7614824939606.jpg
7614824972374,7614824972374.jpg
7614825005142,7614825005142.jpg
7614825037910,7614825037910.jpg
7614825070678,7614825070678.jpg
7614825103446,7614825103446.jpg
7614825136214,7614825136214.jpg
7614825168982,7614825168982.jpg
7614825201750,7614825201750.jpg
7614825234518,7614825234518.jpg
7614825267286,7614825267286.jpg
7614825300054,7614825300054.jpg
7614825332822,7614825332822.jpg
7614825365590,7614825365590.jpg
7614825398358,7614825398358.jpg
7614825431126,7614825431126.jpg
7614825463894,7614825463894.jpg
7614825496662,7614825496662.jpg
7614825529430,7614825529430.jpg
7614825562198,7614825562198.jpg
7614825594966,7614825594966.jpg
7614825627734,7614825627734.jpg
7614825660502,7614825660502.jpg
7614825693270,7614825693270.jpg
7614828183638,7614828183638.jpg
7614828216406,7614828216406.jpg
7614828249174,7614828249174.jpg
7614828281942,7614828281942.jpg
7614828314710,7614828314710.jpg
7614828347478,7614828347478.jpg
7614828380246,7614828380246.jpg
7614828413014,7614828413014.jpg
7614828445782,7614828445782.jpg
7614828478550,7614828478550.jpg
7614828511318,7614828511318.jpg
7614941659222,7614941659222.jpg
7614941691990,7614941691990.jpg
7614941724758,7614941724758.jpg
7614941757526,7614941757526.jpg
7614941790294,7614941790294.jpg
7614941823062,7614941823062.jpg
7614941888598,7614941888598.jpg
7614941954134,7614941954134.jpg
7614942085206,7614942085206.jpg
7614942117974,7614942117974.jpg
7614942150742,7614942150742.jpg
7614942183510,7614942183510.jpg
7614944280662,7614944280662.jpg
7614944313430,7614944313430.jpg
7614944346198,7614944346198.jpg
7614944444502,7614944444502.jpg
7614944477270,7614944477270.jpg
7614944510038,7614944510038.jpg
7614944542806,7614944542806.jpg
7614944575574,7614944575574.jpg
7614944608342,7614944608342.jpg
7614944641110,7614944641110.jpg
7614946410582,7614946410582.jpg
7614946443350,7614946443350.jpg
7614946508886,7614946508886.jpg
7614946541654,7614946541654.jpg
7614946574422,7614946574422.jpg
7614946607190,7614946607190.jpg
7614946639958,7614946639958.jpg
7614946705494,7614946705494.jpg
7614946738262,7614946738262.jpg
7614946771030,7614946771030.jpg
7614946803798,7614946803798.jpg
7614946836566,7614946836566.jpg
7614949195862,7614949195862.jpg
7614949294166,7614949294166.jpg
7614951817302,7614951817302.jpg
7614951850070,7614951850070.jpg
7615160680534,7615160680534.jpg
7615160713302,7615160713302.jpg
7615164645462,7615164645462.jpg
7615167725654,7615167725654.jpg
7615167758422,7615167758422.jpg
7615170969686,7615170969686.jpg
7615171002454,7615171002454.jpg
7615171035222,7615171035222.jpg
7615173689430,7615173689430.jpg
7615173722198,7615173722198.jpg
7615173754966,7615173754966.jpg
7615175819350,7615175819350.jpg
7615179685974,7615179685974.jpg
7615179718742,7615179718742.jpg
7615182569558,7615182569558.jpg
7615182602326,7615182602326.jpg
7615183388758,7615183388758.jpg
7615183421526,7615183421526.jpg
7615183454294,7615183454294.jpg
7615183487062,7615183487062.jpg
7615184306262,7615184306262.jpg
7615184339030,7615184339030.jpg
7615184371798,7615184371798.jpg
7615185649750,7615185649750.jpg
7615185682518,7615185682518.jpg
7615185715286,7615185715286.jpg
7615185748054,7615185748054.jpg
7615185780822,7615185780822.jpg
7615186305110,7615186305110.jpg
7615186337878,7615186337878.jpg
7615186534486,7615186534486.jpg
7615186567254,7615186567254.jpg
7615186600022,7615186600022.jpg
7615187058774,7615187058774.jpg
7615187091542,7615187091542.jpg
7615187124310,7615187124310.jpg
7615292014678,7615292014678.jpg
7615292047446,7615292047446.jpg
7615292080214,7615292080214.jpg
7615296045142,7615296045142.jpg
7615297945686,7615297945686.jpg
7615297978454,7615297978454.jpg
7615298011222,7615298011222.jpg
7615302926420,7615302926420.jpg
7615302991956,7615302991956.jpg
7615308791894,7615308791894.jpg
7615308824662,7615308824662.jpg
7615308857430,7615308857430.jpg
7615308890198,7615308890198.jpg
7615308922966,7615308922966.jpg
7615308955734,7615308955734.jpg
7615310626902,7615310626902.jpg
7615310659670,7615310659670.jpg
7615310692438,7615310692438.jpg
7615310725206,7615310725206.jpg
7615310757974,7615310757974.jpg
7615310790742,7615310790742.jpg
7615310823510,7615310823510.jpg
7615312756822,7615312756822.jpg
7615312822358,7615312822358.jpg
7615313870934,7615313870934.jpg
7615313903702,7615313903702.jpg
7615315804244,7615315804244.jpg
7615315869780,7615315869780.jpg
7615315902548,7615315902548.jpg
7615319801942,7615319801942.jpg
7615319834710,7615319834710.jpg
7615319900246,7615319900246.jpg
7615319933014,7615319933014.jpg
7615319965782,7615319965782.jpg
7615323930710,7615323930710.jpg
7616893452372,7616893452372.jpg
7616893517908,7616893517908.jpg
7616893550676,7616893550676.jpg
7616893714516,7616893714516.jpg
7616893780052,7616893780052.jpg
7616899809364,7616899809364.jpg
7616899907668,7616899907668.jpg
7616899973204,7616899973204.jpg
7616900202580,7616900202580.jpg
7616900333652,7616900333652.jpg
7616900563028,7616900563028.jpg
7616900628564,7616900628564.jpg
7616906952788,7616906952788.jpg
7616915079349,7616915079349.jpg
7616919928916,7616919928916.jpg
7616919961684,7616919961684.jpg
7616920027220,7616920027220.jpg
7616920059988,7616920059988.jpg
7616920158292,7616920158292.jpg
7616920223828,7616920223828.jpg
7616920453204,7616920453204.jpg
7616920584276,7616920584276.jpg
7616920715348,7616920715348.jpg
7616920748116,7616920748116.jpg
7616950599764,7616950599764.jpg
7616950730836,7616950730836.jpg
7616950796372,7616950796372.jpg
7616950894676,7616950894676.jpg
7616951025748,7616951025748.jpg
7616951091284,7616951091284.jpg
7616951124052,7616951124052.jpg
7616951287892,7616951287892.jpg
7616951320660,7616951320660.jpg
7616951386196,7616951386196.jpg
7616954662996,7616954662996.jpg
7617731887188,7617731887188.jpg
7617731919956,7617731919956.jpg
7617731952724,7617731952724.jpg
7617900773462,7617900773462.jpg
7617900806230,7617900806230.jpg
7617900838998,7617900838998.jpg
7617900871766,7617900871766.jpg
7617938030773,7617938030773.jpg
7617939013813,7617939013813.jpg
7617951367377,7617951367377.jpg
7617951432913,7617951432913.jpg
7617951563985,7617951563985.jpg
7617951596753,7617951596753.jpg
7617951662289,7617951662289.jpg
7617951727825,7617951727825.jpg
7617951826129,7617951826129.jpg
7618972450900,7618972450900.jpg
7618972516436,7618972516436.jpg
7618972581972,7618972581972.jpg
7618972614740,7618972614740.jpg
7619145957433,7619145957433.jpg
7619146383417,7619146383417.jpg
7619146842169,7619146842169.jpg
7619147169849,7619147169849.jpg
7619148578873,7619148578873.jpg
7619149168697,7619149168697.jpg
7619149365305,7619149365305.jpg
7619149561913,7619149561913.jpg
7619149889593,7619149889593.jpg
7619151527993,7619151527993.jpg
7619165093972,7619165093972.jpg
7619165290580,7619165290580.jpg
7619165323348,7619165323348.jpg
7619165651028,7619165651028.jpg
7619165683796,7619165683796.jpg
7619165945940,7619165945940.jpg
7619165978708,7619165978708.jpg
7619166240852,7619166240852.jpg
7619166273620,7619166273620.jpg
7619166306388,7619166306388.jpg
7619194650708,7619194650708.jpg
7619194683476,7619194683476.jpg
7619194978388,7619194978388.jpg
7619195011156,7619195011156.jpg
7619195043924,7619195043924.jpg
7619195109460,7619195109460.jpg
7619195142228,7619195142228.jpg
7619195207764,7619195207764.jpg
7619360325718,7619360325718.jpg
7619376709718,7619376709718.jpg
7619378610262,7619378610262.jpg
7619380379734,7619380379734.jpg
7619625451606,7619625451606.jpg
7619625484374,7619625484374.jpg
7619625517142,7619625517142.jpg
7619625549910,7619625549910.jpg
7619625582678,7619625582678.jpg
7619625615446,7619625615446.jpg
7619629645910,7619629645910.jpg
7620304502868,7620304502868.jpg
7620304601172,7620304601172.jpg
7620304633940,7620304633940.jpg
7620304666708,7620304666708.jpg
7620387536980,7620387536980.jpg
7620387733588,7620387733588.jpg
7620387766356,7620387766356.jpg
7620387799124,7620387799124.jpg
7620387962964,7620387962964.jpg
7620388192340,7620388192340.jpg
7620388225108,7620388225108.jpg
7620388323412,7620388323412.jpg
7620388356180,7620388356180.jpg
7620397826132,7620397826132.jpg
7620397858900,7620397858900.jpg
7620397891668,7620397891668.jpg
7620397924436,7620397924436.jpg
7620397957204,7620397957204.jpg
7620397989972,7620397989972.jpg
7620398055508,7620398055508.jpg
7620398121044,7620398121044.jpg
7620398219348,7620398219348.jpg
7620398350420,7620398350420.jpg
7620398383188,7620398383188.jpg
7620398481492,7620398481492.jpg
7620398547028,7620398547028.jpg
7620401299540,7620401299540.jpg
7620790976596,7620790976596.jpg
7621183799380,7621183799380.jpg
7623049150659,7623049150659.jpg
7623624196180,7623624196180.jpg
7623624523860,7623624523860.jpg
7624811020497,7624811020497.jpg
7624811053265,7624811053265.jpg
7624811086033,7624811086033.jpg
7624811380945,7624811380945.jpg
7624811413713,7624811413713.jpg
7624811446481,7624811446481.jpg
7624811479249,7624811479249.jpg
7624811544785,7624811544785.jpg
7624811577553,7624811577553.jpg
7624811610321,7624811610321.jpg
7624811675857,7624811675857.jpg
7624811774161,7624811774161.jpg
7624811839697,7624811839697.jpg
7624811872465,7624811872465.jpg
7624811905233,7624811905233.jpg
7624811938001,7624811938001.jpg
7624812003537,7624812003537.jpg
7624812560593,7624812560593.jpg
7624812855505,7624812855505.jpg
7624812888273,7624812888273.jpg
7624812921041,7624812921041.jpg
7624812986577,7624812986577.jpg
7624813052113,7624813052113.jpg
7624813117649,7624813117649.jpg
7624813150417,7624813150417.jpg
7624813183185,7624813183185.jpg
7624813215953,7624813215953.jpg
7624813248721,7624813248721.jpg
7624813281489,7624813281489.jpg
7624813314257,7624813314257.jpg
7624813347025,7624813347025.jpg
7624813379793,7624813379793.jpg
7624813412561,7624813412561.jpg
7624813478097,7624813478097.jpg
7624813543633,7624813543633.jpg
7624813609169,7624813609169.jpg
7624813904081,7624813904081.jpg
7624813969617,7624813969617.jpg
7624895987907,7624895987907.jpg
7625172549716,7625172549716.jpg
7625172648020,7625172648020.jpg
7625172746324,7625172746324.jpg
7625172779092,7625172779092.jpg
7625172910164,7625172910164.jpg
7625172975700,7625172975700.jpg
7625173008468,7625173008468.jpg
7625250701396,7625250701396.jpg
7625250766932,7625250766932.jpg
7625250963540,7625250963540.jpg
7625251094612,7625251094612.jpg
7625251160148,7625251160148.jpg
7625298182228,7625298182228.jpg
7625298247764,7625298247764.jpg
7625298280532,7625298280532.jpg
7625298411604,7625298411604.jpg
7625298477140,7625298477140.jpg
7625322954838,7625322954838.jpg
7625322987606,7625322987606.jpg
7625323020374,7625323020374.jpg
7625354936406,7625354936406.jpg
7625354969174,7625354969174.jpg
7625355001942,7625355001942.jpg
7625365225558,7625365225558.jpg
7625365258326,7625365258326.jpg
7625365323862,7625365323862.jpg
7625365356630,7625365356630.jpg
7625372434518,7625372434518.jpg
7625372467286,7625372467286.jpg
7625372500054,7625372500054.jpg
7625377054806,7625377054806.jpg
7625377087574,7625377087574.jpg
7625377120342,7625377120342.jpg
7625381707862,7625381707862.jpg
7625381740630,7625381740630.jpg
7625381773398,7625381773398.jpg
7625393635414,7625393635414.jpg
7625393668182,7625393668182.jpg
7625393733718,7625393733718.jpg
7625757917270,7625757917270.jpg
7625757950038,7625757950038.jpg
7625757982806,7625757982806.jpg
7625758015574,7625758015574.jpg
7625758048342,7625758048342.jpg
7625758081110,7625758081110.jpg
7625758146646,7625758146646.jpg
7625758179414,7625758179414.jpg
7625758212182,7625758212182.jpg
7625758244950,7625758244950.jpg
7625758277718,7625758277718.jpg
7625758310486,7625758310486.jpg
7625758343254,7625758343254.jpg
7625758376022,7625758376022.jpg
7625758408790,7625758408790.jpg
7625758441558,7625758441558.jpg
7625758507094,7625758507094.jpg
7625758539862,7625758539862.jpg
7625758572630,7625758572630.jpg
7625758867542,7625758867542.jpg
7625758900310,7625758900310.jpg
7625758933078,7625758933078.jpg
7625758998614,7625758998614.jpg
7625759031382,7625759031382.jpg
7625759064150,7625759064150.jpg
7625759096918,7625759096918.jpg
7625759129686,7625759129686.jpg
7625759162454,7625759162454.jpg
7625759195222,7625759195222.jpg
7625759227990,7625759227990.jpg
7625759260758,7625759260758.jpg
7625759293526,7625759293526.jpg
7625759359062,7625759359062.jpg
7625759391830,7625759391830.jpg
7625759424598,7625759424598.jpg
7625759457366,7625759457366.jpg
7625759522902,7625759522902.jpg
7625759555670,7625759555670.jpg
7625759588438,7625759588438.jpg
7625759621206,7625759621206.jpg
7625759653974,7625759653974.jpg
7625759686742,7625759686742.jpg
7625759719510,7625759719510.jpg
7625759752278,7625759752278.jpg
7625759785046,7625759785046.jpg
7625759817814,7625759817814.jpg
7625759850582,7625759850582.jpg
7625759916118,7625759916118.jpg
7625759948886,7625759948886.jpg
7625759981654,7625759981654.jpg
7625760014422,7625760014422.jpg
7625760047190,7625760047190.jpg
7625760079958,7625760079958.jpg
7625760112726,7625760112726.jpg
7625760145494,7625760145494.jpg
7625760178262,7625760178262.jpg
7625760211030,7625760211030.jpg
7625760276566,7625760276566.jpg
7625760309334,7625760309334.jpg
7625760342102,7625760342102.jpg
7625760374870,7625760374870.jpg
7625760407638,7625760407638.jpg
7625760440406,7625760440406.jpg
7625768599638,7625768599638.jpg
7625998205012,7625998205012.jpg
7625998237780,7625998237780.jpg
7625998336084,7625998336084.jpg
7625998368852,7625998368852.jpg
7625998401620,7625998401620.jpg
7625998467156,7625998467156.jpg
7625998565460,7625998565460.jpg
7625998598228,7625998598228.jpg
7625998630996,7625998630996.jpg
7625998663764,7625998663764.jpg
7625998762068,7625998762068.jpg
7625998794836,7625998794836.jpg
7625998827604,7625998827604.jpg
7625998860372,7625998860372.jpg
7625998893140,7625998893140.jpg
7625998991444,7625998991444.jpg
7625999024212,7625999024212.jpg
7625999286356,7625999286356.jpg
7625999319124,7625999319124.jpg
7625999351892,7625999351892.jpg
7625999384660,7625999384660.jpg
7625999417428,7625999417428.jpg
7625999450196,7625999450196.jpg
7626297147601,7626297147601.jpg
7626297311441,7626297311441.jpg
7626297442513,7626297442513.jpg
7626297704657,7626297704657.jpg
7626297835729,7626297835729.jpg
7626297934033,7626297934033.jpg
7626298130641,7626298130641.jpg
7626298949841,7626298949841.jpg
7626299015377,7626299015377.jpg
7626299080913,7626299080913.jpg
7626299146449,7626299146449.jpg
7626299179217,7626299179217.jpg
7626299211985,7626299211985.jpg
7626299244753,7626299244753.jpg
7626299343057,7626299343057.jpg
7626299539665,7626299539665.jpg
7626299572433,7626299572433.jpg
7626299637969,7626299637969.jpg
7626299998417,7626299998417.jpg
7626300031185,7626300031185.jpg
7626300063953,7626300063953.jpg
7626300129489,7626300129489.jpg
7626392600662,7626392600662.jpg
7626392633430,7626392633430.jpg
7626392666198,7626392666198.jpg
7626392698966,7626392698966.jpg
7626392731734,7626392731734.jpg
7626392764502,7626392764502.jpg
7626392797270,7626392797270.jpg
7626392830038,7626392830038.jpg
7626392862806,7626392862806.jpg
7626392895574,7626392895574.jpg
7626393026646,7626393026646.jpg
7626393059414,7626393059414.jpg
7626393092182,7626393092182.jpg
7626395353174,7626395353174.jpg
7626657890388,7626657890388.jpg
7626657923156,7626657923156.jpg
7626657955924,7626657955924.jpg
7626658119764,7626658119764.jpg
7626658218068,7626658218068.jpg
7626658316372,7626658316372.jpg
7626658447444,7626658447444.jpg
7626658545748,7626658545748.jpg
7626658938964,7626658938964.jpg
7626659299412,7626659299412.jpg
7626659332180,7626659332180.jpg
7626659430484,7626659430484.jpg
7626659463252,7626659463252.jpg
7626659528788,7626659528788.jpg
7626659758164,7626659758164.jpg
7626674995284,7626674995284.jpg
7626675028052,7626675028052.jpg
7626675060820,7626675060820.jpg
7626675159124,7626675159124.jpg
7626675355732,7626675355732.jpg
7626675486804,7626675486804.jpg
7626675519572,7626675519572.jpg
7626675683412,7626675683412.jpg
7626716905556,7626716905556.jpg
7626717003860,7626717003860.jpg
7626717102164,7626717102164.jpg
7626717200468,7626717200468.jpg
7626717266004,7626717266004.jpg
7626717429844,7626717429844.jpg
7626717462612,7626717462612.jpg
7626717593684,7626717593684.jpg
7626717659220,7626717659220.jpg
7628239831124,7628239831124.jpg
7628239863892,7628239863892.jpg
7628239896660,7628239896660.jpg
7628239929428,7628239929428.jpg
7628239962196,7628239962196.jpg
7628239994964,7628239994964.jpg
7628240060500,7628240060500.jpg
7628240126036,7628240126036.jpg
7628240158804,7628240158804.jpg
7628240191572,7628240191572.jpg
7628240224340,7628240224340.jpg
7628240257108,7628240257108.jpg
7628240289876,7628240289876.jpg
7628240322644,7628240322644.jpg
7628240355412,7628240355412.jpg
7628240420948,7628240420948.jpg
7628240453716,7628240453716.jpg
7628240486484,7628240486484.jpg
7628580421689,7628580421689.jpg
7628580716601,7628580716601.jpg
7628594151508,7628594151508.jpg
7628594217044,7628594217044.jpg
7628594315348,7628594315348.jpg
7628664537145,7628664537145.jpg
7628664602681,7628664602681.jpg
7628664864825,7628664864825.jpg
7628665159737,7628665159737.jpg
7628665356345,7628665356345.jpg
7628665552953,7628665552953.jpg
7628665651257,7628665651257.jpg
7628665749561,7628665749561.jpg
7628665880633,7628665880633.jpg
7628665978937,7628665978937.jpg
7628666273849,7628666273849.jpg
7628666798137,7628666798137.jpg
7628667060281,7628667060281.jpg
7628667224121,7628667224121.jpg
7628667420729,7628667420729.jpg
7628667584569,7628667584569.jpg
7630591557716,7630591557716.jpg
7630591787092,7630591787092.jpg
7630591918164,7630591918164.jpg
7630591950932,7630591950932.jpg
7630723842132,7630723842132.jpg
7630723874900,7630723874900.jpg
7630723907668,7630723907668.jpg
7630723940436,7630723940436.jpg
7630732230740,7630732230740.jpg
7630732361812,7630732361812.jpg
7630736261204,7630736261204.jpg
7630736326740,7630736326740.jpg
7630736392276,7630736392276.jpg
7631221489748,7631221489748.jpg
7631221555284,7631221555284.jpg
7631221588052,7631221588052.jpg
7631221620820,7631221620820.jpg
7631221686356,7631221686356.jpg
7631221948500,7631221948500.jpg
7631222112340,7631222112340.jpg
7631224406100,7631224406100.jpg
7631224471636,7631224471636.jpg
7631224504404,7631224504404.jpg
7631224602708,7631224602708.jpg
7631224635476,7631224635476.jpg
7631224766548,7631224766548.jpg
7631224832084,7631224832084.jpg
7631224995924,7631224995924.jpg
7631225094228,7631225094228.jpg
7631225225300,7631225225300.jpg
7631225290836,7631225290836.jpg
7631225323604,7631225323604.jpg
7631243542612,7631243542612.jpg
7631243575380,7631243575380.jpg
7631244001364,7631244001364.jpg
7631244034132,7631244034132.jpg
7631244099668,7631244099668.jpg
7631244165204,7631244165204.jpg
7631244296276,7631244296276.jpg
7631632498897,7631632498897.jpg
7631632531665,7631632531665.jpg
7631632629969,7631632629969.jpg
7631632662737,7631632662737.jpg
7631632695505,7631632695505.jpg
7631632728273,7631632728273.jpg
7631632761041,7631632761041.jpg
7631632793809,7631632793809.jpg
7631632859345,7631632859345.jpg
7631632892113,7631632892113.jpg
7631632957649,7631632957649.jpg
7631632990417,7631632990417.jpg
7631633023185,7631633023185.jpg
7631633055953,7631633055953.jpg
7631633088721,7631633088721.jpg
7631633121489,7631633121489.jpg
7631633154257,7631633154257.jpg
7631633252561,7631633252561.jpg
7631633285329,7631633285329.jpg
7631633318097,7631633318097.jpg
7631633416401,7631633416401.jpg
7631633449169,7631633449169.jpg
7631633481937,7631633481937.jpg
7631633514705,7631633514705.jpg
7631633907921,7631633907921.jpg
7631633940689,7631633940689.jpg
7631634071761,7631634071761.jpg
7631634137297,7631634137297.jpg
7631634170065,7631634170065.jpg
7631634202833,7631634202833.jpg
7631634432209,7631634432209.jpg
7631634464977,7631634464977.jpg
7631634497745,7631634497745.jpg
7631634563281,7631634563281.jpg
7631635054801,7631635054801.jpg
7631635546321,7631635546321.jpg
7631635644625,7631635644625.jpg
7631635710161,7631635710161.jpg
7631635742929,7631635742929.jpg
7631635906769,7631635906769.jpg
7631636136145,7631636136145.jpg
7631636267217,7631636267217.jpg
7631636398289,7631636398289.jpg
7631636463825,7631636463825.jpg
7631636496593,7631636496593.jpg
7631636562129,7631636562129.jpg
7631636594897,7631636594897.jpg
7631636693201,7631636693201.jpg
7631636758737,7631636758737.jpg
7631636857041,7631636857041.jpg
7631636922577,7631636922577.jpg
7631637086417,7631637086417.jpg
7631637217489,7631637217489.jpg
7631637348561,7631637348561.jpg
7631637381329,7631637381329.jpg
7631637414097,7631637414097.jpg
7631637446865,7631637446865.jpg
7631637479633,7631637479633.jpg
7631637512401,7631637512401.jpg
7631637545169,7631637545169.jpg
7631637577937,7631637577937.jpg
7631637610705,7631637610705.jpg
7631637643473,7631637643473.jpg
7631637676241,7631637676241.jpg
7631637709009,7631637709009.jpg
7631637741777,7631637741777.jpg
7631638331601,7631638331601.jpg
7631638364369,7631638364369.jpg
7631638397137,7631638397137.jpg
7631638462673,7631638462673.jpg
7631650160849,7631650160849.jpg
7631650193617,7631650193617.jpg
7631700262996,7631700262996.jpg
7631700295764,7631700295764.jpg
7631700394068,7631700394068.jpg
7631700459604,7631700459604.jpg
7631700492372,7631700492372.jpg
7631700557908,7631700557908.jpg
7631702360148,7631702360148.jpg
7631702392916,7631702392916.jpg
7631702491220,7631702491220.jpg
7631702556756,7631702556756.jpg
7631702589524,7631702589524.jpg
7631702622292,7631702622292.jpg
7631702655060,7631702655060.jpg
7631702720596,7631702720596.jpg
7631702753364,7631702753364.jpg
7631702818900,7631702818900.jpg
7631768518740,7631768518740.jpg
7631768617044,7631768617044.jpg
7631768649812,7631768649812.jpg
7631806955604,7631806955604.jpg
7631866069076,7631866069076.jpg
7631866101844,7631866101844.jpg
7631866167380,7631866167380.jpg
7632267542737,7632267542737.jpg
7633159127124,7633159127124.jpg
7633159192660,7633159192660.jpg
7633159290964,7633159290964.jpg
7633250353236,7633250353236.jpg
7633250386004,7633250386004.jpg
7633250517076,7633250517076.jpg
7633250582612,7633250582612.jpg
7634071814228,7634071814228.jpg
7634311479380,7634311479380.jpg
7634323374164,7634323374164.jpg
7634330517588,7634330517588.jpg
7634330550356,7634330550356.jpg
7634330583124,7634330583124.jpg
7634330648660,7634330648660.jpg
7634330681428,7634330681428.jpg
7634330779732,7634330779732.jpg
7634333499476,7634333499476.jpg
7634333532244,7634333532244.jpg
7634400313428,7634400313428.jpg
7634400444500,7634400444500.jpg
7634400510036,7634400510036.jpg
7634400641108,7634400641108.jpg
7634400903252,7634400903252.jpg
7634400968788,7634400968788.jpg
7634401034324,7634401034324.jpg
7634401067092,7634401067092.jpg
7635427524817,7635427524817.jpg
7638955819094,7638955819094.jpg
7638955851862,7638955851862.jpg
7638955884630,7638955884630.jpg
7639228088406,7639228088406.jpg
7639228121174,7639228121174.jpg
7639228153942,7639228153942.jpg
7639228186710,7639228186710.jpg
7639228219478,7639228219478.jpg
7639228252246,7639228252246.jpg
7639228285014,7639228285014.jpg
7639228317782,7639228317782.jpg
7639228350550,7639228350550.jpg
7639588929620,7639588929620.jpg
7640424906836,7640424906836.jpg
7640425037908,7640425037908.jpg
7640425136212,7640425136212.jpg
7640473665620,7640473665620.jpg
7640473763924,7640473763924.jpg
7640473796692,7640473796692.jpg
7640473894996,7640473894996.jpg
7640473960532,7640473960532.jpg
7640474058836,7640474058836.jpg
7640474124372,7640474124372.jpg
7640474419284,7640474419284.jpg
7640474484820,7640474484820.jpg
7640474681428,7640474681428.jpg
7640530616404,7640530616404.jpg
7640530681940,7640530681940.jpg
7640530911316,7640530911316.jpg
7640530976852,7640530976852.jpg
7640531042388,7640531042388.jpg
7640628920404,7640628920404.jpg
7640628985940,7640628985940.jpg
7640629018708,7640629018708.jpg
7640629084244,7640629084244.jpg
7640629248084,7640629248084.jpg
7640647991380,7640647991380.jpg
7640648024148,7640648024148.jpg
7640648089684,7640648089684.jpg
7640648351828,7640648351828.jpg
7640677515348,7640677515348.jpg
7640677613652,7640677613652.jpg
7640677679188,7640677679188.jpg
7640677711956,7640677711956.jpg
7640692686932,7640692686932.jpg
7640692785236,7640692785236.jpg
7640692949076,7640692949076.jpg
7640692981844,7640692981844.jpg
7640885330004,7640885330004.jpg
7640885395540,7640885395540.jpg
7640885428308,7640885428308.jpg
7640885461076,7640885461076.jpg
7640885559380,7640885559380.jpg
7640885592148,7640885592148.jpg
7640885657684,7640885657684.jpg
7640885788756,7640885788756.jpg
7640885821524,7640885821524.jpg
7641901826105,7641901826105.jpg
7641902088249,7641902088249.jpg
7641902153785,7641902153785.jpg
7641902219321,7641902219321.jpg
7641902284857,7641902284857.jpg
7641902317625,7641902317625.jpg
7641902350393,7641902350393.jpg
7641902514233,7641902514233.jpg
7641902547001,7641902547001.jpg
7641902710841,7641902710841.jpg
7641902776377,7641902776377.jpg
7641902874681,7641902874681.jpg
7641902940217,7641902940217.jpg
7641903038521,7641903038521.jpg
7641903104057,7641903104057.jpg
7641903202361,7641903202361.jpg
7641903366201,7641903366201.jpg
7641903464505,7641903464505.jpg
7641903562809,7641903562809.jpg
7642639990965,7642639990965.jpg
7642658799797,7642658799797.jpg
7642671612085,7642671612085.jpg
7643900248148,7643900248148.jpg
7643900280916,7643900280916.jpg
7643900313684,7643900313684.jpg
7643900411988,7643900411988.jpg
7644155478100,7644155478100.jpg
7644289040470,7644289040470.jpg
7644289073238,7644289073238.jpg
7645057581140,7645057581140.jpg
7645057613908,7645057613908.jpg
7646019518548,7646019518548.jpg
7646802673721,7646802673721.jpg
7646802870329,7646802870329.jpg
7646803066937,7646803066937.jpg
7646803230777,7646803230777.jpg
7646803394617,7646803394617.jpg
7646803689529,7646803689529.jpg
7646804017209,7646804017209.jpg
7646804574265,7646804574265.jpg
7646805262393,7646805262393.jpg
7646805459001,7646805459001.jpg
7646805622841,7646805622841.jpg
7646806573113,7646806573113.jpg
7646806704185,7646806704185.jpg
7646806835257,7646806835257.jpg
7647097913428,7647097913428.jpg
7647098011732,7647098011732.jpg
7647098601556,7647098601556.jpg
7647098634324,7647098634324.jpg
7647098732628,7647098732628.jpg
7647098896468,7647098896468.jpg
7647099256916,7647099256916.jpg
7647099355220,7647099355220.jpg
7647099519060,7647099519060.jpg
7647099584596,7647099584596.jpg
7647099650132,7647099650132.jpg
7647145885780,7647145885780.jpg
7647146082388,7647146082388.jpg
7647146180692,7647146180692.jpg
7647146213460,7647146213460.jpg
7647146311764,7647146311764.jpg
7647146475604,7647146475604.jpg
7647146541140,7647146541140.jpg
7647697436853,7647697436853.jpg
7648881017013,7648881017013.jpg
7648920567894,7648920567894.jpg
7648921976918,7648921976918.jpg
7648922042454,7648922042454.jpg
7648928137302,7648928137302.jpg
7648928170070,7648928170070.jpg
7648928202838,7648928202838.jpg
7648928235606,7648928235606.jpg
7648928268374,7648928268374.jpg
7648928301142,7648928301142.jpg
7648928333910,7648928333910.jpg
7648928366678,7648928366678.jpg
7648928399446,7648928399446.jpg
7648928432214,7648928432214.jpg
7648928464982,7648928464982.jpg
7648928530518,7648928530518.jpg
7648928596054,7648928596054.jpg
7648928628822,7648928628822.jpg
7648928661590,7648928661590.jpg
7648928694358,7648928694358.jpg
7648928792662,7648928792662.jpg
7648928858198,7648928858198.jpg
7648928890966,7648928890966.jpg
7648928923734,7648928923734.jpg
7648928956502,7648928956502.jpg
7648929054806,7648929054806.jpg
7648929087574,7648929087574.jpg
7648929120342,7648929120342.jpg
7648929153110,7648929153110.jpg
7648929185878,7648929185878.jpg
7648929218646,7648929218646.jpg
7648929251414,7648929251414.jpg
7648929284182,7648929284182.jpg
7648929316950,7648929316950.jpg
7648929349718,7648929349718.jpg
7648929382486,7648929382486.jpg
7648929415254,7648929415254.jpg
7648929448022,7648929448022.jpg
7648929513558,7648929513558.jpg
7648929546326,7648929546326.jpg
7648929611862,7648929611862.jpg
7648929644630,7648929644630.jpg
7648929710166,7648929710166.jpg
7648929742934,7648929742934.jpg
7648929775702,7648929775702.jpg
7648929808470,7648929808470.jpg
7648929841238,7648929841238.jpg
7648929874006,7648929874006.jpg
7648929906774,7648929906774.jpg
7648929939542,7648929939542.jpg
7648929972310,7648929972310.jpg
7648930005078,7648930005078.jpg
7648930037846,7648930037846.jpg
7648931348566,7648931348566.jpg
7648931381334,7648931381334.jpg
7648931414102,7648931414102.jpg
7648931446870,7648931446870.jpg
7648982696117,7648982696117.jpg
7649014546613,7649014546613.jpg
7649020936373,7649020936373.jpg
7649109475414,7649109475414.jpg
7649109508182,7649109508182.jpg
7649109540950,7649109540950.jpg
7649109573718,7649109573718.jpg
7649109639254,7649109639254.jpg
7649109672022,7649109672022.jpg
7649109704790,7649109704790.jpg
7649109737558,7649109737558.jpg
7649109770326,7649109770326.jpg
7649109803094,7649109803094.jpg
7649109835862,7649109835862.jpg
7649109868630,7649109868630.jpg
7649109901398,7649109901398.jpg
7649109934166,7649109934166.jpg
7649109966934,7649109966934.jpg
7649109999702,7649109999702.jpg
7649113800790,7649113800790.jpg
7649117110358,7649117110358.jpg
7649117175894,7649117175894.jpg
7649117208662,7649117208662.jpg
7649117241430,7649117241430.jpg
7649117306966,7649117306966.jpg
7649117339734,7649117339734.jpg
7649123139670,7649123139670.jpg
7649577140419,7649577140419.jpg
7649611153465,7649611153465.jpg
7649611284537,7649611284537.jpg
7650161754196,7650161754196.jpg
7650161819732,7650161819732.jpg
7650161852500,7650161852500.jpg
7650161918036,7650161918036.jpg
7650161950804,7650161950804.jpg
7650162016340,7650162016340.jpg
7650162180180,7650162180180.jpg
7650169651284,7650169651284.jpg
7650171813972,7650171813972.jpg
7650171846740,7650171846740.jpg
7650171879508,7650171879508.jpg
7650244755540,7650244755540.jpg
7650244788308,7650244788308.jpg
7650244886612,7650244886612.jpg
7650258681940,7650258681940.jpg
7651180183761,7651180183761.jpg
7651180216529,7651180216529.jpg
7651180249297,7651180249297.jpg
7651180708049,7651180708049.jpg
7651180970193,7651180970193.jpg
7651181297873,7651181297873.jpg
7651181527249,7651181527249.jpg
7651181658321,7651181658321.jpg
7651182411985,7651182411985.jpg
7651182444753,7651182444753.jpg
7651182477521,7651182477521.jpg
7651182772433,7651182772433.jpg
7651182936273,7651182936273.jpg
7651183198417,7651183198417.jpg
7651766337717,7651766337717.jpg
7651783180469,7651783180469.jpg
7651795206325,7651795206325.jpg
7651799433397,7651799433397.jpg
7651815915604,7651815915604.jpg
7652530683988,7652530683988.jpg
7652584226997,7652584226997.jpg
7652587012277,7652587012277.jpg
7652587995317,7652587995317.jpg
7652757897300,7652757897300.jpg
7652759339092,7652759339092.jpg
7652793221204,7652793221204.jpg
7652793253972,7652793253972.jpg
7652793581652,7652793581652.jpg
7652793647188,7652793647188.jpg
7652793679956,7652793679956.jpg
7652793942100,7652793942100.jpg
7652794171476,7652794171476.jpg
7652794204244,7652794204244.jpg
7652796825684,7652796825684.jpg
7652796858452,7652796858452.jpg
7652796923988,7652796923988.jpg
7652796956756,7652796956756.jpg
7652797087828,7652797087828.jpg
7652797153364,7652797153364.jpg
7652797349972,7652797349972.jpg
7652797382740,7652797382740.jpg
7652797448276,7652797448276.jpg
7652810588244,7652810588244.jpg
7652810653780,7652810653780.jpg
7652810948692,7652810948692.jpg
7652811079764,7652811079764.jpg
7652811145300,7652811145300.jpg
7652811210836,7652811210836.jpg
7652811276372,7652811276372.jpg
7652811374676,7652811374676.jpg
7652811407444,7652811407444.jpg
7652811472980,7652811472980.jpg
7652814422100,7652814422100.jpg
7652814454868,7652814454868.jpg
7652814585940,7652814585940.jpg
7652814618708,7652814618708.jpg
7652952604756,7652952604756.jpg
7652952637524,7652952637524.jpg
7652952866900,7652952866900.jpg
7652954734676,7652954734676.jpg
7652954767444,7652954767444.jpg
7652954832980,7652954832980.jpg
7652954964052,7652954964052.jpg
7653139939414,7653139939414.jpg
7653139972182,7653139972182.jpg
7653140037718,7653140037718.jpg
7653258788921,7653258788921.jpg
7653259149369,7653259149369.jpg
7653259411513,7653259411513.jpg
7653259542585,7653259542585.jpg
7653260034105,7653260034105.jpg
7653260591161,7653260591161.jpg
7653260722233,7653260722233.jpg
7653260787769,7653260787769.jpg
7653260853305,7653260853305.jpg
7654128976053,7654128976053.jpg
7654129991861,7654129991861.jpg
7654136053941,7654136053941.jpg
7654137659573,7654137659573.jpg
7654140838069,7654140838069.jpg
7654156861621,7654156861621.jpg
7654165446837,7654165446837.jpg
7654166593717,7654166593717.jpg
7654169313461,7654169313461.jpg
7654171181237,7654171181237.jpg
7654184583349,7654184583349.jpg
7654242222261,7654242222261.jpg
7654250217653,7654250217653.jpg
7654253789365,7654253789365.jpg
7654262603957,7654262603957.jpg
7654262964405,7654262964405.jpg
7654273810613,7654273810613.jpg
7654275645621,7654275645621.jpg
7654306349237,7654306349237.jpg
7654306742453,7654306742453.jpg
7654308020405,7654308020405.jpg
7654309003348,7654309003348.jpg
7654309101652,7654309101652.jpg
7654309134420,7654309134420.jpg
7654309199956,7654309199956.jpg
7654310903892,7654310903892.jpg
7654310936660,7654310936660.jpg
7654311100500,7654311100500.jpg
7654311231572,7654311231572.jpg
7654311362644,7654311362644.jpg
7654311395412,7654311395412.jpg
7654311460948,7654311460948.jpg
7654311690324,7654311690324.jpg
7654319227061,7654319227061.jpg
7654331416757,7654331416757.jpg
7654741573813,7654741573813.jpg
7654747177141,7654747177141.jpg
7654754451637,7654754451637.jpg
7654755893429,7654755893429.jpg
7654757040309,7654757040309.jpg
7654757302453,7654757302453.jpg
7655039008852,7655039008852.jpg
7655778582585,7655778582585.jpg
7655796179028,7655796179028.jpg
7656443871316,7656443871316.jpg
7656443904084,7656443904084.jpg
7656444002388,7656444002388.jpg
7656491483220,7656491483220.jpg
7656491515988,7656491515988.jpg
7656491679828,7656491679828.jpg
7656491778132,7656491778132.jpg
7656515305556,7656515305556.jpg
7656515534932,7656515534932.jpg
7656515600468,7656515600468.jpg
7656515666004,7656515666004.jpg
7656515731540,7656515731540.jpg
7656593129653,7656593129653.jpg
7657096970326,7657096970326.jpg
7657097003094,7657097003094.jpg
7657097035862,7657097035862.jpg
7657097068630,7657097068630.jpg
7657101459542,7657101459542.jpg
7657101492310,7657101492310.jpg
7657207988308,7657207988308.jpg
7657208021076,7657208021076.jpg
7657208086612,7657208086612.jpg
7657208578132,7657208578132.jpg
7657208676436,7657208676436.jpg
7657208807508,7657208807508.jpg
7657212117078,7657212117078.jpg
7657251569748,7657251569748.jpg
7657251602516,7657251602516.jpg
7657251668052,7657251668052.jpg
7657251733588,7657251733588.jpg
7657252028500,7657252028500.jpg
7657252126804,7657252126804.jpg
7657252225108,7657252225108.jpg
7657252257876,7657252257876.jpg
7657252290644,7657252290644.jpg
7657252356180,7657252356180.jpg
7657252388948,7657252388948.jpg
7657252618324,7657252618324.jpg
7657252749396,7657252749396.jpg
7657252946004,7657252946004.jpg
7657253011540,7657253011540.jpg
7657253142612,7657253142612.jpg
7657253240916,7657253240916.jpg
7657253470292,7657253470292.jpg
7657253830740,7657253830740.jpg
7657253863508,7657253863508.jpg
7657253896276,7657253896276.jpg
7657253929044,7657253929044.jpg
7657260351574,7657260351574.jpg
7657260384342,7657260384342.jpg
7657260875860,7657260875860.jpg
7657260908628,7657260908628.jpg
7657260941396,7657260941396.jpg
7657260974164,7657260974164.jpg
7657261072468,7657261072468.jpg
7657263235156,7657263235156.jpg
7657263398996,7657263398996.jpg
7657263431764,7657263431764.jpg
7657263628372,7657263628372.jpg
7657263792212,7657263792212.jpg
7657263824980,7657263824980.jpg
7657270509652,7657270509652.jpg
7657270542420,7657270542420.jpg
7657359736916,7657359736916.jpg
7657359769684,7657359769684.jpg
7658335666262,7658335666262.jpg
7658335699030,7658335699030.jpg
7658453827670,7658453827670.jpg
7658467033174,7658467033174.jpg
7658467065942,7658467065942.jpg
7658467098710,7658467098710.jpg
7658467131478,7658467131478.jpg
7658496294998,7658496294998.jpg
7658496327766,7658496327766.jpg
7658496360534,7658496360534.jpg
7658510581846,7658510581846.jpg
7658510614614,7658510614614.jpg
7659907940561,7659907940561.jpg
7659907973329,7659907973329.jpg
7659908006097,7659908006097.jpg
7659908038865,7659908038865.jpg
7659908071633,7659908071633.jpg
7659908104401,7659908104401.jpg
7659908137169,7659908137169.jpg
7659908169937,7659908169937.jpg
7659908235473,7659908235473.jpg
7659908268241,7659908268241.jpg
7659908301009,7659908301009.jpg
7659908333777,7659908333777.jpg
7659908366545,7659908366545.jpg
7659908432081,7659908432081.jpg
7659908497617,7659908497617.jpg
7659908530385,7659908530385.jpg
7659908563153,7659908563153.jpg
7660118048963,7660118048963.jpg
7660431933524,7660431933524.jpg
7660436848724,7660436848724.jpg
7660436881492,7660436881492.jpg
7660436914260,7660436914260.jpg
7660437143636,7660437143636.jpg
7660437209172,7660437209172.jpg
7660437307476,7660437307476.jpg
7660437405780,7660437405780.jpg
7660437471316,7660437471316.jpg
7660437504084,7660437504084.jpg
7660437536852,7660437536852.jpg
7660437602388,7660437602388.jpg
7660437635156,7660437635156.jpg
7660437667924,7660437667924.jpg
7660443336788,7660443336788.jpg
7660444909652,7660444909652.jpg
7660633849940,7660633849940.jpg
7660633882708,7660633882708.jpg
7660633948244,7660633948244.jpg
7660633981012,7660633981012.jpg
7660634112084,7660634112084.jpg
7660634374228,7660634374228.jpg
7660634701908,7660634701908.jpg
7660634800212,7660634800212.jpg
7660635062356,7660635062356.jpg
7660643418196,7660643418196.jpg
7660643450964,7660643450964.jpg
7660643483732,7660643483732.jpg
7660643614804,7660643614804.jpg
7660643647572,7660643647572.jpg
7660643680340,7660643680340.jpg
7660643844180,7660643844180.jpg
7660643876948,7660643876948.jpg
7660643909716,7660643909716.jpg
7660643942484,7660643942484.jpg
7660801032276,7660801032276.jpg
7662041759801,7662041759801.jpg
7662930002101,7662930002101.jpg
7666091458646,7666091458646.jpg
7666092638294,7666092638294.jpg
7666096930902,7666096930902.jpg
7670167797817,7670167797817.jpg
7670167896121,7670167896121.jpg
7670167961657,7670167961657.jpg
7670168092729,7670168092729.jpg
7670168191033,7670168191033.jpg
7670168256569,7670168256569.jpg
7670168354873,7670168354873.jpg
7670168518713,7670168518713.jpg
7670168715321,7670168715321.jpg
7670168780857,7670168780857.jpg
7670168879161,7670168879161.jpg
7670168944697,7670168944697.jpg
7671552966742,7671552966742.jpg
7671552999510,7671552999510.jpg
7671553032278,7671553032278.jpg
7671553065046,7671553065046.jpg
7671553097814,7671553097814.jpg
7672204984404,7672204984404.jpg
7672246141012,7672246141012.jpg
7672961859670,7672961859670.jpg
7672961892438,7672961892438.jpg
7672961925206,7672961925206.jpg
7672961957974,7672961957974.jpg
7672961990742,7672961990742.jpg
7672962023510,7672962023510.jpg
7672962056278,7672962056278.jpg
7672962089046,7672962089046.jpg
7672962121814,7672962121814.jpg
7672962154582,7672962154582.jpg
7672962187350,7672962187350.jpg
7672962220118,7672962220118.jpg
7672962252886,7672962252886.jpg
7672962285654,7672962285654.jpg
7672962318422,7672962318422.jpg
7672962351190,7672962351190.jpg
7672962383958,7672962383958.jpg
7672962416726,7672962416726.jpg
7672962482262,7672962482262.jpg
7672962515030,7672962515030.jpg
7672962547798,7672962547798.jpg
7672962580566,7672962580566.jpg
7672962711638,7672962711638.jpg
7672962809942,7672962809942.jpg
7672962842710,7672962842710.jpg
7672962875478,7672962875478.jpg
7672962908246,7672962908246.jpg
7672962941014,7672962941014.jpg
7672962973782,7672962973782.jpg
7672963006550,7672963006550.jpg
7672963039318,7672963039318.jpg
7672963072086,7672963072086.jpg
7672963104854,7672963104854.jpg
7672963137622,7672963137622.jpg
7672963170390,7672963170390.jpg
7672963203158,7672963203158.jpg
7672963235926,7672963235926.jpg
7672963268694,7672963268694.jpg
7672963301462,7672963301462.jpg
7672963432534,7672963432534.jpg
7672963465302,7672963465302.jpg
7672963498070,7672963498070.jpg
7672963530838,7672963530838.jpg
7672963563606,7672963563606.jpg
7672963596374,7672963596374.jpg
7672963629142,7672963629142.jpg
7672963661910,7672963661910.jpg
7672963694678,7672963694678.jpg
7672963727446,7672963727446.jpg
7672963760214,7672963760214.jpg
7672963792982,7672963792982.jpg
7672963825750,7672963825750.jpg
7672963858518,7672963858518.jpg
7672963891286,7672963891286.jpg
7672963924054,7672963924054.jpg
7672963956822,7672963956822.jpg
7672963989590,7672963989590.jpg
7672964022358,7672964022358.jpg
7672964055126,7672964055126.jpg
7672964087894,7672964087894.jpg
7672964120662,7672964120662.jpg
7672964153430,7672964153430.jpg
7672964186198,7672964186198.jpg
7672964218966,7672964218966.jpg
7672964251734,7672964251734.jpg
7672964284502,7672964284502.jpg
7672964317270,7672964317270.jpg
7672964350038,7672964350038.jpg
7672964382806,7672964382806.jpg
7672964415574,7672964415574.jpg
7672964448342,7672964448342.jpg
7672964481110,7672964481110.jpg
7672964513878,7672964513878.jpg
7672964546646,7672964546646.jpg
7672964579414,7672964579414.jpg
7672964612182,7672964612182.jpg
7672964644950,7672964644950.jpg
7672964677718,7672964677718.jpg
7672964710486,7672964710486.jpg
7672964743254,7672964743254.jpg
7672964776022,7672964776022.jpg
7672964808790,7672964808790.jpg
7672964841558,7672964841558.jpg
7672964874326,7672964874326.jpg
7672964907094,7672964907094.jpg
7672964939862,7672964939862.jpg
7672964972630,7672964972630.jpg
7672965005398,7672965005398.jpg
7672965038166,7672965038166.jpg
7672965890134,7672965890134.jpg
7672965922902,7672965922902.jpg
7672965955670,7672965955670.jpg
7672965988438,7672965988438.jpg
7672967233622,7672967233622.jpg
7672967266390,7672967266390.jpg
7672967299158,7672967299158.jpg
7672967331926,7672967331926.jpg
7672967364694,7672967364694.jpg
7672967397462,7672967397462.jpg
7672967430230,7672967430230.jpg
7672967462998,7672967462998.jpg
7672970248278,7672970248278.jpg
7672970281046,7672970281046.jpg
7672986140758,7672986140758.jpg
7672986173526,7672986173526.jpg
7672986206294,7672986206294.jpg
7672986239062,7672986239062.jpg
7672986271830,7672986271830.jpg
7672986304598,7672986304598.jpg
7672986337366,7672986337366.jpg
7672986370134,7672986370134.jpg
7672986402902,7672986402902.jpg
7672986435670,7672986435670.jpg
7672986468438,7672986468438.jpg
7672986501206,7672986501206.jpg
7672986533974,7672986533974.jpg
7672986566742,7672986566742.jpg
7672986599510,7672986599510.jpg
7672986632278,7672986632278.jpg
7672986665046,7672986665046.jpg
7672986697814,7672986697814.jpg
7672986730582,7672986730582.jpg
7672986763350,7672986763350.jpg
7672986796118,7672986796118.jpg
7672986828886,7672986828886.jpg
7672986861654,7672986861654.jpg
7672986894422,7672986894422.jpg
7672986927190,7672986927190.jpg
7672986992726,7672986992726.jpg
7672987025494,7672987025494.jpg
7672987058262,7672987058262.jpg
7672987091030,7672987091030.jpg
7672987123798,7672987123798.jpg
7672987189334,7672987189334.jpg
7672987222102,7672987222102.jpg
7672990203990,7672990203990.jpg
7672990236758,7672990236758.jpg
7672990302294,7672990302294.jpg
7672990335062,7672990335062.jpg
7672990367830,7672990367830.jpg
7672990400598,7672990400598.jpg
7672990433366,7672990433366.jpg
7672990466134,7672990466134.jpg
7673886376020,7673886376020.jpg
7676189704276,7676189704276.jpg
7676189868116,7676189868116.jpg
7676189900884,7676189900884.jpg
7676189933652,7676189933652.jpg
7676190130260,7676190130260.jpg
7676193472596,7676193472596.jpg
7676194095188,7676194095188.jpg
7676194160724,7676194160724.jpg
7676194291796,7676194291796.jpg
7676194455636,7676194455636.jpg
7676264415289,7676264415289.jpg
7676463054932,7676463054932.jpg
7676463186004,7676463186004.jpg
7677638508630,7677638508630.jpg
7677638541398,7677638541398.jpg
7678918819926,7678918819926.jpg
7678918852694,7678918852694.jpg
7679359713364,7679359713364.jpg
7679363022932,7679363022932.jpg
7679363055700,7679363055700.jpg
7679608193108,7679608193108.jpg
7679608324180,7679608324180.jpg
7679608389716,7679608389716.jpg
7679608553556,7679608553556.jpg
7679608619092,7679608619092.jpg
7679608782932,7679608782932.jpg
7679608881236,7679608881236.jpg
7679608946772,7679608946772.jpg
7679609077844,7679609077844.jpg
7679609143380,7679609143380.jpg
7679609208916,7679609208916.jpg
7681409581140,7681409581140.jpg
7681409613908,7681409613908.jpg
7681409646676,7681409646676.jpg
7681409712212,7681409712212.jpg
7681409744980,7681409744980.jpg
7681409810516,7681409810516.jpg
7681598160953,7681598160953.jpg
7681598423097,7681598423097.jpg
7681598554169,7681598554169.jpg
7681599078457,7681599078457.jpg
7681599176761,7681599176761.jpg
7681599275065,7681599275065.jpg
7681599406137,7681599406137.jpg
7681599504441,7681599504441.jpg
7681599602745,7681599602745.jpg
7681599733817,7681599733817.jpg
7681599799353,7681599799353.jpg
7681599995961,7681599995961.jpg
7681600094265,7681600094265.jpg
7681600389177,7681600389177.jpg
7681600520249,7681600520249.jpg
7681600618553,7681600618553.jpg
7681600716857,7681600716857.jpg
7681600913465,7681600913465.jpg
7681601306681,7681601306681.jpg
7681601667129,7681601667129.jpg
7681601830969,7681601830969.jpg
7681602060345,7681602060345.jpg
7681602289721,7681602289721.jpg
7681686634580,7681686634580.jpg
7681686765652,7681686765652.jpg
7681686863956,7681686863956.jpg
7681686896724,7681686896724.jpg
7681686995028,7681686995028.jpg
7681687191636,7681687191636.jpg
7681687322708,7681687322708.jpg
7681687355476,7681687355476.jpg
7681687486548,7681687486548.jpg
7681687683156,7681687683156.jpg
7681687978068,7681687978068.jpg
7681688043604,7681688043604.jpg
7681688240212,7681688240212.jpg
7681688272980,7681688272980.jpg
7681688371284,7681688371284.jpg
7681688436820,7681688436820.jpg
7681688469588,7681688469588.jpg
7681697906772,7681697906772.jpg
7681697972308,7681697972308.jpg
7681698168916,7681698168916.jpg
7681706229844,7681706229844.jpg
7681706262612,7681706262612.jpg
7681706295380,7681706295380.jpg
7681706328148,7681706328148.jpg
7681706393684,7681706393684.jpg
7681706524756,7681706524756.jpg
7681710456916,7681710456916.jpg
7681710489684,7681710489684.jpg
7681710555220,7681710555220.jpg
7681710587988,7681710587988.jpg
7681710620756,7681710620756.jpg
7681710719060,7681710719060.jpg
7681711603796,7681711603796.jpg
7681711669332,7681711669332.jpg
7681711702100,7681711702100.jpg
7681711865940,7681711865940.jpg
7681711964244,7681711964244.jpg
7681711997012,7681711997012.jpg
7681715667028,7681715667028.jpg
7681715732564,7681715732564.jpg
7681715798100,7681715798100.jpg
7681715830868,7681715830868.jpg
7681716191316,7681716191316.jpg
7681716224084,7681716224084.jpg
7681716256852,7681716256852.jpg
7681716322388,7681716322388.jpg
7681716355156,7681716355156.jpg
7681716453460,7681716453460.jpg
7681716650068,7681716650068.jpg
7684907270228,7684907270228.jpg
7685311594580,7685311594580.jpg
7685400297556,7685400297556.jpg
7685416222777,7685416222777.jpg
7685416910905,7685416910905.jpg
7686143344726,7686143344726.jpg
7686154846294,7686154846294.jpg
7686655180857,7686655180857.jpg
7687626293334,7687626293334.jpg
7687626326102,7687626326102.jpg
7687642382422,7687642382422.jpg
7687656210518,7687656210518.jpg
7687656243286,7687656243286.jpg
7687656308822,7687656308822.jpg
7687656341590,7687656341590.jpg
7687665320022,7687665320022.jpg
7687665352790,7687665352790.jpg
7687665385558,7687665385558.jpg
7687665418326,7687665418326.jpg
7687683965014,7687683965014.jpg
7687683997782,7687683997782.jpg
7687684030550,7687684030550.jpg
7687781449812,7687781449812.jpg
7687781482580,7687781482580.jpg
7687781613652,7687781613652.jpg
7687781646420,7687781646420.jpg
7687781679188,7687781679188.jpg
7687781744724,7687781744724.jpg
7687781875796,7687781875796.jpg
7687781974100,7687781974100.jpg
7687782072404,7687782072404.jpg
7687782137940,7687782137940.jpg
7688292565076,7688292565076.jpg
7688292630612,7688292630612.jpg
7688292696148,7688292696148.jpg
7688292859988,7688292859988.jpg
7688292892756,7688292892756.jpg
7688530952276,7688530952276.jpg
7688530985044,7688530985044.jpg
7688531148884,7688531148884.jpg
7688531247188,7688531247188.jpg
7688531279956,7688531279956.jpg
7688531411028,7688531411028.jpg
7688531443796,7688531443796.jpg
7688531542100,7688531542100.jpg
7688531640404,7688531640404.jpg
7688531804244,7688531804244.jpg
7688531837012,7688531837012.jpg
7688531935316,7688531935316.jpg
7688532131924,7688532131924.jpg
7688532295764,7688532295764.jpg
7688532394068,7688532394068.jpg
7688532590676,7688532590676.jpg
7688545861716,7688545861716.jpg
7688546156628,7688546156628.jpg
7688546222164,7688546222164.jpg
7688546746452,7688546746452.jpg
7688546779220,7688546779220.jpg
7688546877524,7688546877524.jpg
7688546910292,7688546910292.jpg
7688546943060,7688546943060.jpg
7688546975828,7688546975828.jpg
7688547041364,7688547041364.jpg
7688547074132,7688547074132.jpg
7688551039060,7688551039060.jpg
7688551071828,7688551071828.jpg
7688551202900,7688551202900.jpg
7688551235668,7688551235668.jpg
7688551333972,7688551333972.jpg
7688551465044,7688551465044.jpg
7688551563348,7688551563348.jpg
7688551628884,7688551628884.jpg
7688551792724,7688551792724.jpg
7688551825492,7688551825492.jpg
7688551891028,7688551891028.jpg
7688561328212,7688561328212.jpg
7688561360980,7688561360980.jpg
7688561426516,7688561426516.jpg
7688561492052,7688561492052.jpg
7688561557588,7688561557588.jpg
7688561590356,7688561590356.jpg
7688561623124,7688561623124.jpg
7688839168209,7688839168209.jpg
7688839200977,7688839200977.jpg
7688839233745,7688839233745.jpg
7688839266513,7688839266513.jpg
7688839299281,7688839299281.jpg
7688839332049,7688839332049.jpg
7688839397585,7688839397585.jpg
7690053779542,7690053779542.jpg
7690053812310,7690053812310.jpg
7690128293974,7690128293974.jpg
7690128326742,7690128326742.jpg
7690128359510,7690128359510.jpg
7690128392278,7690128392278.jpg
7690131472470,7690131472470.jpg
7690133995606,7690133995606.jpg
7690136584278,7690136584278.jpg
7690394271801,7690394271801.jpg
7690394894393,7690394894393.jpg
7694896005204,7694896005204.jpg
7697386569812,7697386569812.jpg
7697386668116,7697386668116.jpg
7697386700884,7697386700884.jpg
7697386864724,7697386864724.jpg
7697758093396,7697758093396.jpg
7697758322772,7697758322772.jpg
7697758421076,7697758421076.jpg
7697758486612,7697758486612.jpg
7697758584916,7697758584916.jpg
7697758683220,7697758683220.jpg
7697758814292,7697758814292.jpg
7697758879828,7697758879828.jpg
7697759010900,7697759010900.jpg
7697759174740,7697759174740.jpg
7697759305812,7697759305812.jpg
7699225116729,7699225116729.jpg
7699225444409,7699225444409.jpg
7699225739321,7699225739321.jpg
7699226067001,7699226067001.jpg
7699226820665,7699226820665.jpg
7699227115577,7699227115577.jpg
7699227377721,7699227377721.jpg
7699227672633,7699227672633.jpg
7699230654521,7699230654521.jpg
7699230851129,7699230851129.jpg
7699231473721,7699231473721.jpg
7699232653369,7699232653369.jpg
7699233013817,7699233013817.jpg
7699233210425,7699233210425.jpg
7699233505337,7699233505337.jpg
7699235176505,7699235176505.jpg
7699235962937,7699235962937.jpg
7699236356153,7699236356153.jpg
7699236683833,7699236683833.jpg
7699237175353,7699237175353.jpg
7699237666873,7699237666873.jpg
7699291996341,7699291996341.jpg
7699593232468,7699593232468.jpg
7699593330772,7699593330772.jpg
7699593527380,7699593527380.jpg
7699593560148,7699593560148.jpg
7699593625684,7699593625684.jpg
7699593658452,7699593658452.jpg
7699612467284,7699612467284.jpg
7699612991572,7699612991572.jpg
7699613155412,7699613155412.jpg
7699613220948,7699613220948.jpg
7699613319252,7699613319252.jpg
7699613352020,7699613352020.jpg
7699613417556,7699613417556.jpg
7699613450324,7699613450324.jpg
7699613483092,7699613483092.jpg
7699613515860,7699613515860.jpg
7699613581396,7699613581396.jpg
7699613614164,7699613614164.jpg
7699624788052,7699624788052.jpg
7699624853588,7699624853588.jpg
7699624919124,7699624919124.jpg
7699624951892,7699624951892.jpg
7699625082964,7699625082964.jpg
7699625312340,7699625312340.jpg
7699625541716,7699625541716.jpg
7699627868244,7699627868244.jpg
7699627999316,7699627999316.jpg
7699628228692,7699628228692.jpg
7699628294228,7699628294228.jpg
7699628654676,7699628654676.jpg
7699628720212,7699628720212.jpg
7701256929366,7701256929366.jpg
7701256994902,7701256994902.jpg
7701257060438,7701257060438.jpg
7701257093206,7701257093206.jpg
7701260795990,7701260795990.jpg
7701260861526,7701260861526.jpg
7701260894294,7701260894294.jpg
7701260927062,7701260927062.jpg
7701261844566,7701261844566.jpg
7701261877334,7701261877334.jpg
7701261910102,7701261910102.jpg
7701261942870,7701261942870.jpg
7703873355862,7703873355862.jpg
7703873388630,7703873388630.jpg
7703873421398,7703873421398.jpg
7703873454166,7703873454166.jpg
7703873486934,7703873486934.jpg
7703873519702,7703873519702.jpg
7703873552470,7703873552470.jpg
7703873585238,7703873585238.jpg
7703873618006,7703873618006.jpg
7703873650774,7703873650774.jpg
7703873683542,7703873683542.jpg
7703873716310,7703873716310.jpg
7703873749078,7703873749078.jpg
7703873781846,7703873781846.jpg
7703873814614,7703873814614.jpg
7703873847382,7703873847382.jpg
7703873880150,7703873880150.jpg
7703873912918,7703873912918.jpg
7703873945686,7703873945686.jpg
7703873978454,7703873978454.jpg
7703874011222,7703874011222.jpg
7703874043990,7703874043990.jpg
7703874076758,7703874076758.jpg
7703874109526,7703874109526.jpg
7703874142294,7703874142294.jpg
7703874175062,7703874175062.jpg
7703874207830,7703874207830.jpg
7703874240598,7703874240598.jpg
7703874273366,7703874273366.jpg
7703874306134,7703874306134.jpg
7704866750548,7704866750548.jpg
7704866848852,7704866848852.jpg
7704866881620,7704866881620.jpg
7704866914388,7704866914388.jpg
7704867045460,7704867045460.jpg
7704867078228,7704867078228.jpg
7704867176532,7704867176532.jpg
7704867307604,7704867307604.jpg
7704867340372,7704867340372.jpg
7704867635284,7704867635284.jpg
7704867700820,7704867700820.jpg
7704867766356,7704867766356.jpg
7704867799124,7704867799124.jpg
7707811676246,7707811676246.jpg
7707811709014,7707811709014.jpg
7708504064084,7708504064084.jpg
7708504096852,7708504096852.jpg
7708504129620,7708504129620.jpg
7708504195156,7708504195156.jpg
7708504260692,7708504260692.jpg
7711321784404,7711321784404.jpg
7712405225556,7712405225556.jpg
7712405258324,7712405258324.jpg
7712405454932,7712405454932.jpg
7712405487700,7712405487700.jpg
7712405586004,7712405586004.jpg
7712405618772,7712405618772.jpg
7712408272980,7712408272980.jpg
7712408338516,7712408338516.jpg
7712408371284,7712408371284.jpg
7712408567892,7712408567892.jpg
7712837730388,7712837730388.jpg
7712837763156,7712837763156.jpg
7712837795924,7712837795924.jpg
7712837861460,7712837861460.jpg
7712838189140,7712838189140.jpg
7712838254676,7712838254676.jpg
7712838418516,7712838418516.jpg
7712838484052,7712838484052.jpg
7712838516820,7712838516820.jpg
7712838647892,7712838647892.jpg
7712838778964,7712838778964.jpg
7712838811732,7712838811732.jpg
7712839041108,7712839041108.jpg
7712839073876,7712839073876.jpg
7712888029268,7712888029268.jpg
7712888160340,7712888160340.jpg
7712888225876,7712888225876.jpg
7712888717396,7712888717396.jpg
7712889503828,7712889503828.jpg
7712889831508,7712889831508.jpg
7712890093652,7712890093652.jpg
7712890159188,7712890159188.jpg
7712890257492,7712890257492.jpg
7712890552404,7712890552404.jpg
7712906641492,7712906641492.jpg
7712906674260,7712906674260.jpg
7712906772564,7712906772564.jpg
7712906805332,7712906805332.jpg
7712906838100,7712906838100.jpg
7712906903636,7712906903636.jpg
7712906936404,7712906936404.jpg
7712906969172,7712906969172.jpg
7712907001940,7712907001940.jpg
7712907034708,7712907034708.jpg
7712907100244,7712907100244.jpg
7712907133012,7712907133012.jpg
7713133559865,7713133559865.jpg
7713135067193,7713135067193.jpg
7713135198265,7713135198265.jpg
7713135427641,7713135427641.jpg
7713135591481,7713135591481.jpg
7713136017465,7713136017465.jpg
7713136476217,7713136476217.jpg
7713136902201,7713136902201.jpg
7713137295417,7713137295417.jpg
7713138573369,7713138573369.jpg
7713138671673,7713138671673.jpg
7713139163193,7713139163193.jpg
7713141063737,7713141063737.jpg
7713141522489,7713141522489.jpg
7715099738196,7715099738196.jpg
7715099770964,7715099770964.jpg
7715099803732,7715099803732.jpg
7715099902036,7715099902036.jpg
7715099967572,7715099967572.jpg
7715100000340,7715100000340.jpg
7715100033108,7715100033108.jpg
7715100098644,7715100098644.jpg
7715100328020,7715100328020.jpg
7715100426324,7715100426324.jpg
7715100524628,7715100524628.jpg
7715100622932,7715100622932.jpg
7715100885076,7715100885076.jpg
7715101016148,7715101016148.jpg
7715101179988,7715101179988.jpg
7719519518804,7719519518804.jpg
7719519584340,7719519584340.jpg
7719519780948,7719519780948.jpg
7719522467924,7719522467924.jpg
7719522500692,7719522500692.jpg
7719522598996,7719522598996.jpg
7719522631764,7719522631764.jpg
7719765016660,7719765016660.jpg
7719765049428,7719765049428.jpg
7719765114964,7719765114964.jpg
7719765147732,7719765147732.jpg
7719765180500,7719765180500.jpg
7721266151508,7721266151508.jpg
7721266184276,7721266184276.jpg
7721563652180,7721563652180.jpg
7721563684948,7721563684948.jpg
7721563979860,7721563979860.jpg
7721564012628,7721564012628.jpg
7721564078164,7721564078164.jpg
7721564143700,7721564143700.jpg
7721564209236,7721564209236.jpg
7721564274772,7721564274772.jpg
7721564340308,7721564340308.jpg
7721564405844,7721564405844.jpg
7721564602452,7721564602452.jpg
7721564667988,7721564667988.jpg
7721564733524,7721564733524.jpg
7721566011476,7721566011476.jpg
7721589178452,7721589178452.jpg
7721589211220,7721589211220.jpg
7721589276756,7721589276756.jpg
7721589309524,7721589309524.jpg
7721589407828,7721589407828.jpg
7721589506132,7721589506132.jpg
7721595535444,7721595535444.jpg
7721595600980,7721595600980.jpg
7721595666516,7721595666516.jpg
7721595797588,7721595797588.jpg
7721595830356,7721595830356.jpg
7721595863124,7721595863124.jpg
7721595895892,7721595895892.jpg
7721595928660,7721595928660.jpg
7721595961428,7721595961428.jpg
7721595994196,7721595994196.jpg
7721596059732,7721596059732.jpg
7721596977236,7721596977236.jpg
7721597010004,7721597010004.jpg
7721597141076,7721597141076.jpg
7721597239380,7721597239380.jpg
7721597272148,7721597272148.jpg
7721597337684,7721597337684.jpg
7721597403220,7721597403220.jpg
7721597435988,7721597435988.jpg
7721597501524,7721597501524.jpg
7721597567060,7721597567060.jpg
7721597763668,7721597763668.jpg
7721597829204,7721597829204.jpg
7721597960276,7721597960276.jpg
7721597993044,7721597993044.jpg
7721598025812,7721598025812.jpg
7721598058580,7721598058580.jpg
7721598156884,7721598156884.jpg
7721598189652,7721598189652.jpg
7721598419028,7721598419028.jpg
7721655337044,7721655337044.jpg
7721655369812,7721655369812.jpg
7721655468116,7721655468116.jpg
7721655566420,7721655566420.jpg
7721655599188,7721655599188.jpg
7721940615252,7721940615252.jpg
7721991929940,7721991929940.jpg
7722738581588,7722738581588.jpg
7722738712660,7722738712660.jpg
7722738778196,7722738778196.jpg
7722738843732,7722738843732.jpg
7722738876500,7722738876500.jpg
7722738909268,7722738909268.jpg
7722738942036,7722738942036.jpg
7722739007572,7722739007572.jpg
7722739171412,7722739171412.jpg
7722739531860,7722739531860.jpg
7722739662932,7722739662932.jpg
7722739695700,7722739695700.jpg
7722739728468,7722739728468.jpg
7722739794004,7722739794004.jpg
7723250516052,7723250516052.jpg
7723250778196,7723250778196.jpg
7723250876500,7723250876500.jpg
7723251400788,7723251400788.jpg
7723251433556,7723251433556.jpg
7723251466324,7723251466324.jpg
7723251531860,7723251531860.jpg
7723251597396,7723251597396.jpg
7723251728468,7723251728468.jpg
7723251761236,7723251761236.jpg
7723258019924,7723258019924.jpg
7723258085460,7723258085460.jpg
7723264442452,7723264442452.jpg
7723264475220,7723264475220.jpg
7723264507988,7723264507988.jpg
7723264573524,7723264573524.jpg
7723264671828,7723264671828.jpg
7723264704596,7723264704596.jpg
7723264737364,7723264737364.jpg
7723264835668,7723264835668.jpg
7723264966740,7723264966740.jpg
7723679678645,7723679678645.jpg
7723684364469,7723684364469.jpg
7723686199477,7723686199477.jpg
7723689410741,7723689410741.jpg
7723699798197,7723699798197.jpg
7723703959733,7723703959733.jpg
7723720048821,7723720048821.jpg
7723727683765,7723727683765.jpg
7723790172341,7723790172341.jpg
7723792203957,7723792203957.jpg
7723819958453,7723819958453.jpg
7723823038645,7723823038645.jpg
7723838144693,7723838144693.jpg
7723840143541,7723840143541.jpg
7723845484725,7723845484725.jpg
7723847188661,7723847188661.jpg
7723848171701,7723848171701.jpg
7723854758069,7723854758069.jpg
7723855773877,7723855773877.jpg
7723861639349,7723861639349.jpg
7723953946708,7723953946708.jpg
7723953979476,7723953979476.jpg
7723954110548,7723954110548.jpg
7723954176084,7723954176084.jpg
7723954274388,7723954274388.jpg
7723954307156,7723954307156.jpg
7723954339924,7723954339924.jpg
7723954372692,7723954372692.jpg
7724482986165,7724482986165.jpg
7724484427957,7724484427957.jpg
7724485378229,7724485378229.jpg
7724499173557,7724499173557.jpg
7724508971189,7724508971189.jpg
7724528074933,7724528074933.jpg
7724529254581,7724529254581.jpg
7724543377589,7724543377589.jpg
7724545605813,7724545605813.jpg
7724552683701,7724552683701.jpg
7724553830581,7724553830581.jpg
7724554911925,7724554911925.jpg
7725083918420,7725083918420.jpg
7725083951188,7725083951188.jpg
7725084049492,7725084049492.jpg
7725084115028,7725084115028.jpg
7725084147796,7725084147796.jpg
7725084213332,7725084213332.jpg
7725084278868,7725084278868.jpg
7725084311636,7725084311636.jpg
7725084508244,7725084508244.jpg
7726532493396,7726532493396.jpg
7726532526164,7726532526164.jpg
7726532558932,7726532558932.jpg
7726532722772,7726532722772.jpg
7726621655235,7726621655235.jpg
7726814330964,7726814330964.jpg
7726814396500,7726814396500.jpg
7726814494804,7726814494804.jpg
7726814593108,7726814593108.jpg
7726814625876,7726814625876.jpg
7726814658644,7726814658644.jpg
7726814855252,7726814855252.jpg
7726814920788,7726814920788.jpg
7726815019092,7726815019092.jpg
7726815084628,7726815084628.jpg
7726815150164,7726815150164.jpg
7726815379540,7726815379540.jpg
7726835859540,7726835859540.jpg
7726836940884,7726836940884.jpg
7726837006420,7726837006420.jpg
7726837104724,7726837104724.jpg
7726837301332,7726837301332.jpg
7726837366868,7726837366868.jpg
7726837399636,7726837399636.jpg
7726837432404,7726837432404.jpg
7726837497940,7726837497940.jpg
7726837530708,7726837530708.jpg
7726837563476,7726837563476.jpg
7726838677588,7726838677588.jpg
7726838710356,7726838710356.jpg
7726838775892,7726838775892.jpg
7726838874196,7726838874196.jpg
7726839267412,7726839267412.jpg
7726839332948,7726839332948.jpg
7726839398484,7726839398484.jpg
7726839496788,7726839496788.jpg
7726858436692,7726858436692.jpg
7726858469460,7726858469460.jpg
7726858534996,7726858534996.jpg
7726858666068,7726858666068.jpg
7726858731604,7726858731604.jpg
7726858764372,7726858764372.jpg
7728135340116,7728135340116.jpg
7728135405652,7728135405652.jpg
7728135503956,7728135503956.jpg
7728135536724,7728135536724.jpg
7728135667796,7728135667796.jpg
7728189767764,7728189767764.jpg
7729112023097,7729112023097.jpg
7729112121401,7729112121401.jpg
7729112154169,7729112154169.jpg
7729112219705,7729112219705.jpg
7729112252473,7729112252473.jpg
7729112285241,7729112285241.jpg
7729112318009,7729112318009.jpg
7729112350777,7729112350777.jpg
7729112449081,7729112449081.jpg
7729112481849,7729112481849.jpg
7729112547385,7729112547385.jpg
7729112580153,7729112580153.jpg
7729112645689,7729112645689.jpg
7729112842297,7729112842297.jpg
7729676189780,7729676189780.jpg
7729676353620,7729676353620.jpg
7729676386388,7729676386388.jpg
7729676484692,7729676484692.jpg
7729676550228,7729676550228.jpg
7729676845140,7729676845140.jpg
7729676877908,7729676877908.jpg
7729677074516,7729677074516.jpg
7729678188628,7729678188628.jpg
7729678385236,7729678385236.jpg
7730065735764,7730065735764.jpg
7730065834068,7730065834068.jpg
7730065899604,7730065899604.jpg
7730065997908,7730065997908.jpg
7730066030676,7730066030676.jpg
7730066456660,7730066456660.jpg
7730066489428,7730066489428.jpg
7730066554964,7730066554964.jpg
7730066620500,7730066620500.jpg
7730066653268,7730066653268.jpg
7730066751572,7730066751572.jpg
7730066784340,7730066784340.jpg
7730066817108,7730066817108.jpg
7730071371860,7730071371860.jpg
7730071502932,7730071502932.jpg
7730071535700,7730071535700.jpg
7730071634004,7730071634004.jpg
7730071666772,7730071666772.jpg
7730071699540,7730071699540.jpg
7730071732308,7730071732308.jpg
7730071765076,7730071765076.jpg
7730071797844,7730071797844.jpg
7730075336788,7730075336788.jpg
7730075369556,7730075369556.jpg
7730075402324,7730075402324.jpg
7730075435092,7730075435092.jpg
7730075467860,7730075467860.jpg
7730075598932,7730075598932.jpg
7730075697236,7730075697236.jpg
7730075730004,7730075730004.jpg
7730076352596,7730076352596.jpg
7733103427668,7733103427668.jpg
7733141602388,7733141602388.jpg
7733141635156,7733141635156.jpg
7733141995604,7733141995604.jpg
7733142028372,7733142028372.jpg
7733142061140,7733142061140.jpg
7733142323284,7733142323284.jpg
7733285486678,7733285486678.jpg
7733285519446,7733285519446.jpg
7733285552214,7733285552214.jpg
7733285584982,7733285584982.jpg
7733285617750,7733285617750.jpg
7733285650518,7733285650518.jpg
7733297643606,7733297643606.jpg
7733297676374,7733297676374.jpg
7733300625494,7733300625494.jpg
7733308948564,7733308948564.jpg
7733309177940,7733309177940.jpg
7733309407316,7733309407316.jpg
7733316681812,7733316681812.jpg
7733316714580,7733316714580.jpg
7733316747348,7733316747348.jpg
7733316812884,7733316812884.jpg
7733316878420,7733316878420.jpg
7733316943956,7733316943956.jpg
7733316976724,7733316976724.jpg
7733317009492,7733317009492.jpg
7733317173332,7733317173332.jpg
7733317369940,7733317369940.jpg
7733333622868,7733333622868.jpg
7733333655636,7733333655636.jpg
7733333721172,7733333721172.jpg
7733333819476,7733333819476.jpg
7733333885012,7733333885012.jpg
7733333917780,7733333917780.jpg
7733341552724,7733341552724.jpg
7733341749332,7733341749332.jpg
7733341814868,7733341814868.jpg
7733341847636,7733341847636.jpg
7733341880404,7733341880404.jpg
7733342077012,7733342077012.jpg
7733342175316,7733342175316.jpg
7733342371924,7733342371924.jpg
7733342502996,7733342502996.jpg
7733342535764,7733342535764.jpg
7733351579732,7733351579732.jpg
7733447721046,7733447721046.jpg
7733971288150,7733971288150.jpg
7733971320918,7733971320918.jpg
7733972336726,7733972336726.jpg
7734122414261,7734122414261.jpg
7734126674101,7734126674101.jpg
7734182871221,7734182871221.jpg
7734183526581,7734183526581.jpg
7734233661621,7734233661621.jpg
7734235594933,7734235594933.jpg
7734236905653,7734236905653.jpg
7734240641205,7734240641205.jpg
7734242574517,7734242574517.jpg
7734243492021,7734243492021.jpg
7734825353273,7734825353273.jpg
7734825680953,7734825680953.jpg
7734825812025,7734825812025.jpg
7734825910329,7734825910329.jpg
7734826008633,7734826008633.jpg
7734826139705,7734826139705.jpg
7734826369081,7734826369081.jpg
7734826401849,7734826401849.jpg
7734826500153,7734826500153.jpg
7734826631225,7734826631225.jpg
7734826860601,7734826860601.jpg
7734826991673,7734826991673.jpg
7735546675286,7735546675286.jpg
7736361025622,7736361025622.jpg
7736361058390,7736361058390.jpg
7736361091158,7736361091158.jpg
7736361123926,7736361123926.jpg
7736361222230,7736361222230.jpg
7736361287766,7736361287766.jpg
7736361320534,7736361320534.jpg
7736361353302,7736361353302.jpg
7736361386070,7736361386070.jpg
7736361418838,7736361418838.jpg
7736361451606,7736361451606.jpg
7736361484374,7736361484374.jpg
7736361517142,7736361517142.jpg
7736361549910,7736361549910.jpg
7736361582678,7736361582678.jpg
7736361615446,7736361615446.jpg
7736361648214,7736361648214.jpg
7736361680982,7736361680982.jpg
7736361713750,7736361713750.jpg
7736361812054,7736361812054.jpg
7736377737302,7736377737302.jpg
7736377770070,7736377770070.jpg
7736377802838,7736377802838.jpg
7736377835606,7736377835606.jpg
7736377868374,7736377868374.jpg
7736377901142,7736377901142.jpg
7736377933910,7736377933910.jpg
7736377966678,7736377966678.jpg
7736377999446,7736377999446.jpg
7736378097750,7736378097750.jpg
7736378130518,7736378130518.jpg
7736378163286,7736378163286.jpg
7736378196054,7736378196054.jpg
7736378228822,7736378228822.jpg
7736378261590,7736378261590.jpg
7736378294358,7736378294358.jpg
7736378327126,7736378327126.jpg
7736378359894,7736378359894.jpg
7736378392662,7736378392662.jpg
7736378425430,7736378425430.jpg
7736532271190,7736532271190.jpg
7737678168148,7737678168148.jpg
7737678987348,7737678987348.jpg
7737680068692,7737680068692.jpg
7738270416980,7738270416980.jpg
7738270777428,7738270777428.jpg
7738270875732,7738270875732.jpg
7738289356884,7738289356884.jpg
7738289553492,7738289553492.jpg
7738289717332,7738289717332.jpg
7738290012244,7738290012244.jpg
7738302660692,7738302660692.jpg
7738302758996,7738302758996.jpg
7738302791764,7738302791764.jpg
7738302857300,7738302857300.jpg
7738302890068,7738302890068.jpg
7738302955604,7738302955604.jpg
7738302988372,7738302988372.jpg
7738303021140,7738303021140.jpg
7738303152212,7738303152212.jpg
7738303184980,7738303184980.jpg
7738303479892,7738303479892.jpg
7738321141844,7738321141844.jpg
7738321764436,7738321764436.jpg
7738321993812,7738321993812.jpg
7738322092116,7738322092116.jpg
7738322223188,7738322223188.jpg
7738322583636,7738322583636.jpg
7738322616404,7738322616404.jpg
7739182776404,7739182776404.jpg
7739182841940,7739182841940.jpg
7739433910356,7739433910356.jpg
7739433943124,7739433943124.jpg
7739433975892,7739433975892.jpg
7740273590356,7740273590356.jpg
7740273655892,7740273655892.jpg
7740273754196,7740273754196.jpg
7740295479380,7740295479380.jpg
7740295512148,7740295512148.jpg
7740295774292,7740295774292.jpg
7740295839828,7740295839828.jpg
7740295938132,7740295938132.jpg
7740656779348,7740656779348.jpg
7740656844884,7740656844884.jpg
7740656877652,7740656877652.jpg
7740657926228,7740657926228.jpg
7740657991764,7740657991764.jpg
7740663660628,7740663660628.jpg
7740663791700,7740663791700.jpg
7740663824468,7740663824468.jpg
7740663988308,7740663988308.jpg
7740664086612,7740664086612.jpg
7740664184916,7740664184916.jpg
7740664381524,7740664381524.jpg
7740664414292,7740664414292.jpg
7740664447060,7740664447060.jpg
7740664512596,7740664512596.jpg
7740664545364,7740664545364.jpg
7740664578132,7740664578132.jpg
7740664610900,7740664610900.jpg
7740664643668,7740664643668.jpg
7740669296724,7740669296724.jpg
7740669427796,7740669427796.jpg
7740669558868,7740669558868.jpg
7740669821012,7740669821012.jpg
7740670050388,7740670050388.jpg
7740670476372,7740670476372.jpg
7740670574676,7740670574676.jpg
7740670607444,7740670607444.jpg
7740670640212,7740670640212.jpg
7740670672980,7740670672980.jpg
7740676046932,7740676046932.jpg
7741401923641,7741401923641.jpg
7741402153017,7741402153017.jpg
7741402349625,7741402349625.jpg
7741402579001,7741402579001.jpg
7741403004985,7741403004985.jpg
7741403234361,7741403234361.jpg
7741403430969,7741403430969.jpg
7741404839993,7741404839993.jpg
7741405036601,7741405036601.jpg
7741406576697,7741406576697.jpg
7742609653844,7742609653844.jpg
7745712652372,7745712652372.jpg
7745712914516,7745712914516.jpg
7745719074900,7745719074900.jpg
7745719238740,7745719238740.jpg
7745719337044,7745719337044.jpg
7745719369812,7745719369812.jpg
7745730281556,7745730281556.jpg
7745787756628,7745787756628.jpg
7745787920468,7745787920468.jpg
7745788018772,7745788018772.jpg
7745788346452,7745788346452.jpg
7745808629844,7745808629844.jpg
7745808924756,7745808924756.jpg
7745808990292,7745808990292.jpg
7745809449044,7745809449044.jpg
7745809743956,7745809743956.jpg
7745809940564,7745809940564.jpg
7745810038868,7745810038868.jpg
7745918926932,7745918926932.jpg
7745919320148,7745919320148.jpg
7745919516756,7745919516756.jpg
7745919582292,7745919582292.jpg
7745919713364,7745919713364.jpg
7745919778900,7745919778900.jpg
7745920073812,7745920073812.jpg
7745920139348,7745920139348.jpg
7745920172116,7745920172116.jpg
7750454345785,7750454345785.jpg
7750454378553,7750454378553.jpg
7750454411321,7750454411321.jpg
7750454509625,7750454509625.jpg
7750454575161,7750454575161.jpg
7750454607929,7750454607929.jpg
7750454673465,7750454673465.jpg
7750454706233,7750454706233.jpg
7750454968377,7750454968377.jpg
7750455033913,7750455033913.jpg
7750455099449,7750455099449.jpg
7750585155668,7750585155668.jpg
7750585286740,7750585286740.jpg
7750593314900,7750593314900.jpg
7750593445972,7750593445972.jpg
7750593478740,7750593478740.jpg
7750593511508,7750593511508.jpg
7750593544276,7750593544276.jpg
7750593609812,7750593609812.jpg
7750593642580,7750593642580.jpg
7750593675348,7750593675348.jpg
7750593904724,7750593904724.jpg
7750593937492,7750593937492.jpg
7750593970260,7750593970260.jpg
7750594068564,7750594068564.jpg
7750594297940,7750594297940.jpg
7750594330708,7750594330708.jpg
7750808666307,7750808666307.jpg
7751750615124,7751750615124.jpg
7751750811732,7751750811732.jpg
7751751467092,7751751467092.jpg
7751751499860,7751751499860.jpg
7751751598164,7751751598164.jpg
7751751991380,7751751991380.jpg
7751777321044,7751777321044.jpg
7751777386580,7751777386580.jpg
7751777550420,7751777550420.jpg
7751777714260,7751777714260.jpg
7751777779796,7751777779796.jpg
7751778467924,7751778467924.jpg
7751778566228,7751778566228.jpg
7751778762836,7751778762836.jpg
7751778828372,7751778828372.jpg
7751778926676,7751778926676.jpg
7751779024980,7751779024980.jpg
7751779123284,7751779123284.jpg
7751779221588,7751779221588.jpg
7751779254356,7751779254356.jpg
7751780270164,7751780270164.jpg
7751780597844,7751780597844.jpg
7751780630612,7751780630612.jpg
7756530221113,7756530221113.jpg
7756531171385,7756531171385.jpg
7756531335225,7756531335225.jpg
7756531400761,7756531400761.jpg
7756531433529,7756531433529.jpg
7756531466297,7756531466297.jpg
7756531531833,7756531531833.jpg
7756531597369,7756531597369.jpg
7756531630137,7756531630137.jpg
7756531728441,7756531728441.jpg
7756531925049,7756531925049.jpg
7756531957817,7756531957817.jpg
7756532056121,7756532056121.jpg
7756532088889,7756532088889.jpg
7757388021844,7757388021844.jpg
7757388087380,7757388087380.jpg
7757388251220,7757388251220.jpg
7757388480596,7757388480596.jpg
7757388546132,7757388546132.jpg
7757388677204,7757388677204.jpg
7757388742740,7757388742740.jpg
7757388808276,7757388808276.jpg
7757389004884,7757389004884.jpg
7757389135956,7757389135956.jpg
7757389168724,7757389168724.jpg
7757389430868,7757389430868.jpg
7757398376532,7757398376532.jpg
7757398442068,7757398442068.jpg
7757398507604,7757398507604.jpg
7757398540372,7757398540372.jpg
7757398605908,7757398605908.jpg
7757926203449,7757926203449.jpg
7757926662201,7757926662201.jpg
7757926793273,7757926793273.jpg
7759653797972,7759653797972.jpg
7759653929044,7759653929044.jpg
7759653961812,7759653961812.jpg
7759653994580,7759653994580.jpg
7759654092884,7759654092884.jpg
7759654420564,7759654420564.jpg
7759654813780,7759654813780.jpg
7759657959508,7759657959508.jpg
7759658057812,7759658057812.jpg
7759658123348,7759658123348.jpg
7759658254420,7759658254420.jpg
7759658385492,7759658385492.jpg
7759658418260,7759658418260.jpg
7759658844244,7759658844244.jpg
7759658942548,7759658942548.jpg
7759658975316,7759658975316.jpg
7759659008084,7759659008084.jpg
7759659073620,7759659073620.jpg
7759659106388,7759659106388.jpg
7759659171924,7759659171924.jpg
7759659204692,7759659204692.jpg
7759659237460,7759659237460.jpg
7759659270228,7759659270228.jpg
7759659302996,7759659302996.jpg
7759659335764,7759659335764.jpg
7759659532372,7759659532372.jpg
7759659565140,7759659565140.jpg
7759659630676,7759659630676.jpg
7759659663444,7759659663444.jpg
7759659761748,7759659761748.jpg
7759662186580,7759662186580.jpg
7759662219348,7759662219348.jpg
7759662317652,7759662317652.jpg
7759662350420,7759662350420.jpg
7759662383188,7759662383188.jpg
7759662448724,7759662448724.jpg
7759662612564,7759662612564.jpg
7759662743636,7759662743636.jpg
7759662809172,7759662809172.jpg
7759662874708,7759662874708.jpg
7759662907476,7759662907476.jpg
7759666184276,7759666184276.jpg
7759666446420,7759666446420.jpg
7759666511956,7759666511956.jpg
7759666610260,7759666610260.jpg
7759666675796,7759666675796.jpg
7759667232852,7759667232852.jpg
7759669395540,7759669395540.jpg
7759669592148,7759669592148.jpg
7759669624916,7759669624916.jpg
7759669657684,7759669657684.jpg
7759669690452,7759669690452.jpg
7759669755988,7759669755988.jpg
7759669788756,7759669788756.jpg
7759669821524,7759669821524.jpg
7759669887060,7759669887060.jpg
7759669919828,7759669919828.jpg
7759669952596,7759669952596.jpg
7759669985364,7759669985364.jpg
7759670018132,7759670018132.jpg
7761427955796,7761427955796.jpg
7761427988564,7761427988564.jpg
7761428086868,7761428086868.jpg
7761428119636,7761428119636.jpg
7763155615828,7763155615828.jpg
7763155746900,7763155746900.jpg
7763155812436,7763155812436.jpg
7763155845204,7763155845204.jpg
7763155877972,7763155877972.jpg
7763155910740,7763155910740.jpg
7763161579604,7763161579604.jpg
7763161743444,7763161743444.jpg
7763161874516,7763161874516.jpg
7763162005588,7763162005588.jpg
7763162267732,7763162267732.jpg
7763162431572,7763162431572.jpg
7763162464340,7763162464340.jpg
7763162529876,7763162529876.jpg
7763713392724,7763713392724.jpg
7763713523796,7763713523796.jpg
7763713785940,7763713785940.jpg
7763713851476,7763713851476.jpg
7763713917012,7763713917012.jpg
7763713982548,7763713982548.jpg
7763714015316,7763714015316.jpg
7763714113620,7763714113620.jpg
7763714244692,7763714244692.jpg
7763714375764,7763714375764.jpg
7763726368852,7763726368852.jpg
7763726401620,7763726401620.jpg
7763726434388,7763726434388.jpg
7763731185748,7763731185748.jpg
7763731316820,7763731316820.jpg
7763731382356,7763731382356.jpg
7763731415124,7763731415124.jpg
7763731480660,7763731480660.jpg
7763731546196,7763731546196.jpg
7763735674964,7763735674964.jpg
7763735806036,7763735806036.jpg
7763735838804,7763735838804.jpg
7763735969876,7763735969876.jpg
7763736166484,7763736166484.jpg
7763736232020,7763736232020.jpg
7763736264788,7763736264788.jpg
7766161915988,7766161915988.jpg
7766185705556,7766185705556.jpg
7766185738324,7766185738324.jpg
7766948151380,7766948151380.jpg
7766948216916,7766948216916.jpg
7767136501844,7767136501844.jpg
7767136567380,7767136567380.jpg
7767136698452,7767136698452.jpg
7767136763988,7767136763988.jpg
7767136796756,7767136796756.jpg
7767136960596,7767136960596.jpg
7767136993364,7767136993364.jpg
7767137058900,7767137058900.jpg
7767137255508,7767137255508.jpg
7767137484884,7767137484884.jpg
7767137550420,7767137550420.jpg
7767140237396,7767140237396.jpg
7767140270164,7767140270164.jpg
7767140302932,7767140302932.jpg
7767140335700,7767140335700.jpg
7767140401236,7767140401236.jpg
7767140466772,7767140466772.jpg
7767140597844,7767140597844.jpg
7767140630612,7767140630612.jpg
7767141056596,7767141056596.jpg
7767141089364,7767141089364.jpg
7767141285972,7767141285972.jpg
7767141351508,7767141351508.jpg
7767141384276,7767141384276.jpg
7767141941332,7767141941332.jpg
7767141974100,7767141974100.jpg
7767142006868,7767142006868.jpg
7767142039636,7767142039636.jpg
7767142072404,7767142072404.jpg
7767142105172,7767142105172.jpg
7767142137940,7767142137940.jpg
7767142203476,7767142203476.jpg
7767152525396,7767152525396.jpg
7767152623700,7767152623700.jpg
7767152656468,7767152656468.jpg
7767152722004,7767152722004.jpg
7767152754772,7767152754772.jpg
7767152853076,7767152853076.jpg
7767152885844,7767152885844.jpg
7767152951380,7767152951380.jpg
7767152984148,7767152984148.jpg
7768493326420,7768493326420.jpg
7768493359188,7768493359188.jpg
7768493850708,7768493850708.jpg
7768494571604,7768494571604.jpg
7768500633684,7768500633684.jpg
7768500666452,7768500666452.jpg
7768500764756,7768500764756.jpg
7768500830292,7768500830292.jpg
7768500863060,7768500863060.jpg
7768500895828,7768500895828.jpg
7768500928596,7768500928596.jpg
7771175354452,7771175354452.jpg
7771175419988,7771175419988.jpg
7771175551060,7771175551060.jpg
7771175583828,7771175583828.jpg
7771175616596,7771175616596.jpg
7771176173652,7771176173652.jpg
7771176206420,7771176206420.jpg
7771176239188,7771176239188.jpg
7772139257940,7772139257940.jpg
7772139323476,7772139323476.jpg
7772139356244,7772139356244.jpg
7772139389012,7772139389012.jpg
7772139421780,7772139421780.jpg
7772139487316,7772139487316.jpg
7772139585620,7772139585620.jpg
7772139913300,7772139913300.jpg
7772139946068,7772139946068.jpg
7772139978836,7772139978836.jpg
7772140077140,7772140077140.jpg
7772140634196,7772140634196.jpg
7772140699732,7772140699732.jpg
7772140863572,7772140863572.jpg
7772150464596,7772150464596.jpg
7772150693972,7772150693972.jpg
7772150759508,7772150759508.jpg
7772150857812,7772150857812.jpg
7772150890580,7772150890580.jpg
7772150956116,7772150956116.jpg
7772151021652,7772151021652.jpg
7772151054420,7772151054420.jpg
7772151119956,7772151119956.jpg
7772151414868,7772151414868.jpg
7772151480404,7772151480404.jpg
7772151808084,7772151808084.jpg
7772151906388,7772151906388.jpg
7772151939156,7772151939156.jpg
7772152102996,7772152102996.jpg
7772152430676,7772152430676.jpg
7772152463444,7772152463444.jpg
7772152692820,7772152692820.jpg
7772152725588,7772152725588.jpg
7772152791124,7772152791124.jpg
7772152823892,7772152823892.jpg
7772152889428,7772152889428.jpg
7772152987732,7772152987732.jpg
7772153053268,7772153053268.jpg
7774052384825,7774052384825.jpg
7774052483129,7774052483129.jpg
7774055268409,7774055268409.jpg
7775118557268,7775118557268.jpg
7775286493268,7775286493268.jpg
7775286526036,7775286526036.jpg
7775286919252,7775286919252.jpg
7776810074169,7776810074169.jpg
7776810336313,7776810336313.jpg
7776810663993,7776810663993.jpg
7776810696761,7776810696761.jpg
7776810893369,7776810893369.jpg
7776810958905,7776810958905.jpg
7776811057209,7776811057209.jpg
7776822853716,7776822853716.jpg
7776822886484,7776822886484.jpg
7776822952020,7776822952020.jpg
7776827113556,7776827113556.jpg
7776827146324,7776827146324.jpg
7776827375700,7776827375700.jpg
7776827408468,7776827408468.jpg
7776827506772,7776827506772.jpg
7776827539540,7776827539540.jpg
7776827605076,7776827605076.jpg
7776829603924,7776829603924.jpg
7776829734996,7776829734996.jpg
7776829800532,7776829800532.jpg
7776829898836,7776829898836.jpg
7776835534932,7776835534932.jpg
7776835567700,7776835567700.jpg
7776835698772,7776835698772.jpg
7776835993684,7776835993684.jpg
7776836419668,7776836419668.jpg
7776836452436,7776836452436.jpg
7776836550740,7776836550740.jpg
7780270014548,7780270014548.jpg
7780365238356,7780365238356.jpg
7780365434964,7780365434964.jpg
7780369760340,7780369760340.jpg
7783094091833,7783094091833.jpg
7783094681657,7783094681657.jpg
7783095402553,7783095402553.jpg
7783095992377,7783095992377.jpg
7784229044308,7784229044308.jpg
7787937169465,7787937169465.jpg
7787937366073,7787937366073.jpg
7787937595449,7787937595449.jpg
7787937923129,7787937923129.jpg
7787938250809,7787938250809.jpg
7787938807865,7787938807865.jpg
7787939037241,7787939037241.jpg
7787939495993,7787939495993.jpg
7787939692601,7787939692601.jpg
7787939823673,7787939823673.jpg
7790276706388,7790276706388.jpg
7790277066836,7790277066836.jpg
7790278639700,7790278639700.jpg
7792817930297,7792817930297.jpg
7792818061369,7792818061369.jpg
7792818323513,7792818323513.jpg
7792818454585,7792818454585.jpg
7792818913337,7792818913337.jpg
7792819077177,7792819077177.jpg
7792819306553,7792819306553.jpg
7792819503161,7792819503161.jpg
7792819732537,7792819732537.jpg
7792819961913,7792819961913.jpg
7792820224057,7792820224057.jpg
7792820518969,7792820518969.jpg
7792820781113,7792820781113.jpg
7792821010489,7792821010489.jpg
7792821207097,7792821207097.jpg
7792821469241,7792821469241.jpg
7793855791188,7793855791188.jpg
7793855889492,7793855889492.jpg
7794320015444,7794320015444.jpg
7794320310356,7794320310356.jpg
7794321227860,7794321227860.jpg
7794321293396,7794321293396.jpg
7798294609977,7798294609977.jpg
7798294642745,7798294642745.jpg
7798295265337,7798295265337.jpg
7798295363641,7798295363641.jpg
7798295461945,7798295461945.jpg
7798295625785,7798295625785.jpg
7798295724089,7798295724089.jpg
7798295822393,7798295822393.jpg
7798295855161,7798295855161.jpg
7798295953465,7798295953465.jpg
7798296608825,7798296608825.jpg
7798297100345,7798297100345.jpg
7799940218937,7799940218937.jpg
7799940284473,7799940284473.jpg
7799940350009,7799940350009.jpg
7799940644921,7799940644921.jpg
7799940710457,7799940710457.jpg
7799940743225,7799940743225.jpg
7799940972601,7799940972601.jpg
7799941136441,7799941136441.jpg
7799941267513,7799941267513.jpg
7799941398585,7799941398585.jpg
7799941529657,7799941529657.jpg
7799941955641,7799941955641.jpg
7799942021177,7799942021177.jpg
7800316264505,7800316264505.jpg
7800316395577,7800316395577.jpg
7800316461113,7800316461113.jpg
7800316493881,7800316493881.jpg
7800316526649,7800316526649.jpg
7800316624953,7800316624953.jpg
7800316690489,7800316690489.jpg
7800316788793,7800316788793.jpg
7800316821561,7800316821561.jpg
7800317116473,7800317116473.jpg
7807329271892,7807329271892.jpg
7812199841849,7812199841849.jpg
7812199940153,7812199940153.jpg
7812200071225,7812200071225.jpg
7812200202297,7812200202297.jpg
7812200366137,7812200366137.jpg
7812200431673,7812200431673.jpg
7812200661049,7812200661049.jpg
7812201087033,7812201087033.jpg
7812201218105,7812201218105.jpg
7812201578553,7812201578553.jpg
7812406935636,7812406935636.jpg
7821386154041,7821386154041.jpg
7821386219577,7821386219577.jpg
7821386317881,7821386317881.jpg
7821386383417,7821386383417.jpg
7821386448953,7821386448953.jpg
7821386481721,7821386481721.jpg
7821386580025,7821386580025.jpg
7821386776633,7821386776633.jpg
7821386907705,7821386907705.jpg
7821386973241,7821386973241.jpg
7828805583029,7828805583029.jpg
7828819968181,7828819968181.jpg
7828842479797,7828842479797.jpg
7830446669881,7830446669881.jpg
7830446833721,7830446833721.jpg
7830446997561,7830446997561.jpg
7830447063097,7830447063097.jpg
7830447161401,7830447161401.jpg
7830447259705,7830447259705.jpg
7830447390777,7830447390777.jpg
7830447423545,7830447423545.jpg
7830447620153,7830447620153.jpg
7830447718457,7830447718457.jpg
7830447783993,7830447783993.jpg
7830447947833,7830447947833.jpg
7830448013369,7830448013369.jpg
7830501392565,7830501392565.jpg
7830519349429,7830519349429.jpg
7834068287545,7834068287545.jpg
7834068582457,7834068582457.jpg
7834068647993,7834068647993.jpg
7834068811833,7834068811833.jpg
7834068844601,7834068844601.jpg
7834068877369,7834068877369.jpg
7834068910137,7834068910137.jpg
7838212817077,7838212817077.jpg
7838251516085,7838251516085.jpg
7838257512629,7838257512629.jpg
7838266425525,7838266425525.jpg
7838269767861,7838269767861.jpg
7838270554293,7838270554293.jpg
7838302372021,7838302372021.jpg
7838320951477,7838320951477.jpg
7838329536693,7838329536693.jpg
7838373019829,7838373019829.jpg
7838426267829,7838426267829.jpg
7838438097077,7838438097077.jpg
7838588895413,7838588895413.jpg
7838730453173,7838730453173.jpg
7838874337461,7838874337461.jpg
7838875222197,7838875222197.jpg
7838876401845,7838876401845.jpg
7839427625141,7839427625141.jpg
7839499321525,7839499321525.jpg
7839528616117,7839528616117.jpg
7839535956149,7839535956149.jpg
7839538610357,7839538610357.jpg
7839547883701,7839547883701.jpg
7839552012469,7839552012469.jpg
7839553290421,7839553290421.jpg
7839558926517,7839558926517.jpg
7839595135157,7839595135157.jpg
7839607095477,7839607095477.jpg
7839628787893,7839628787893.jpg
7839638814901,7839638814901.jpg
7839881134261,7839881134261.jpg
7840210518073,7840210518073.jpg
7840210550841,7840210550841.jpg
7840210616377,7840210616377.jpg
7840210649145,7840210649145.jpg
7840210714681,7840210714681.jpg
7840210747449,7840210747449.jpg
7840210812985,7840210812985.jpg
7840210878521,7840210878521.jpg
7840210911289,7840210911289.jpg
7840210944057,7840210944057.jpg
7840210976825,7840210976825.jpg
7840211009593,7840211009593.jpg
7840211042361,7840211042361.jpg
7841536704693,7841536704693.jpg
7841537130677,7841537130677.jpg
7841591525557,7841591525557.jpg
7841638973621,7841638973621.jpg
7841642315957,7841642315957.jpg
7841643004085,7841643004085.jpg
7841644708021,7841644708021.jpg
7841645887669,7841645887669.jpg
7841646280885,7841646280885.jpg
7841646936245,7841646936245.jpg
7843031220405,7843031220405.jpg
7846750257209,7846750257209.jpg
7847815905337,7847815905337.jpg
7851316707385,7851316707385.jpg
7851316805689,7851316805689.jpg
7851317526585,7851317526585.jpg
7851317657657,7851317657657.jpg
7853079888053,7853079888053.jpg
7853128351925,7853128351925.jpg
7859582959797,7859582959797.jpg
7860935950393,7860935950393.jpg
7860936343609,7860936343609.jpg
7863883595957,7863883595957.jpg
7863891525813,7863891525813.jpg
7865132941369,7865132941369.jpg
7865133203513,7865133203513.jpg
7865133334585,7865133334585.jpg
7865133432889,7865133432889.jpg
7865133629497,7865133629497.jpg
7865133858873,7865133858873.jpg
7865134055481,7865134055481.jpg
7870793809977,7870793809977.jpg
7870793908281,7870793908281.jpg
7870793973817,7870793973817.jpg
7870794137657,7870794137657.jpg
7870794170425,7870794170425.jpg
7870794268729,7870794268729.jpg
7870794301497,7870794301497.jpg
7870794399801,7870794399801.jpg
7870794596409,7870794596409.jpg
7870794694713,7870794694713.jpg
7870794858553,7870794858553.jpg
7870794956857,7870794956857.jpg
7876182048825,7876182048825.jpg
7876182343737,7876182343737.jpg
7876182474809,7876182474809.jpg
7876182540345,7876182540345.jpg
7876182999097,7876182999097.jpg
7876183097401,7876183097401.jpg
7876183162937,7876183162937.jpg
7876183228473,7876183228473.jpg
7880431992889,7880431992889.jpg
7880432025657,7880432025657.jpg
7880432091193,7880432091193.jpg
7880432123961,7880432123961.jpg
7880432156729,7880432156729.jpg
7880432189497,7880432189497.jpg
7880432353337,7880432353337.jpg
7880432386105,7880432386105.jpg
7880432418873,7880432418873.jpg
7880432451641,7880432451641.jpg
7880432484409,7880432484409.jpg
7880432517177,7880432517177.jpg
7880432648249,7880432648249.jpg
7885243121721,7885243121721.jpg
7885243187257,7885243187257.jpg
7885243318329,7885243318329.jpg
7885243383865,7885243383865.jpg
7885243449401,7885243449401.jpg
7885243547705,7885243547705.jpg
7885243646009,7885243646009.jpg
7885244170297,7885244170297.jpg
7885244399673,7885244399673.jpg
7885244563513,7885244563513.jpg
7891060555833,7891060555833.jpg
7891060817977,7891060817977.jpg
7891060949049,7891060949049.jpg
7891061112889,7891061112889.jpg
7891061309497,7891061309497.jpg
7891061604409,7891061604409.jpg
7893522022581,7893522022581.jpg
7897026789557,7897026789557.jpg
7897143836853,7897143836853.jpg
7898704216121,7898704216121.jpg
7898704248889,7898704248889.jpg
7898704281657,7898704281657.jpg
7898704314425,7898704314425.jpg
7898704347193,7898704347193.jpg
7898704445497,7898704445497.jpg
7898704543801,7898704543801.jpg
7898704707641,7898704707641.jpg
7898704838713,7898704838713.jpg
7898704937017,7898704937017.jpg
7898704969785,7898704969785.jpg
7898705068089,7898705068089.jpg
7899519582403,7899519582403.jpg
7902767349817,7902767349817.jpg
7902767448121,7902767448121.jpg
7902767546425,7902767546425.jpg
7902767611961,7902767611961.jpg
7902767743033,7902767743033.jpg
7902767874105,7902767874105.jpg
7902767939641,7902767939641.jpg
7902768005177,7902768005177.jpg
7902768136249,7902768136249.jpg
7902768234553,7902768234553.jpg
7902768300089,7902768300089.jpg
7903767527605,7903767527605.jpg
7903769133237,7903769133237.jpg
7903769985205,7903769985205.jpg
7903771033781,7903771033781.jpg
7903771230389,7903771230389.jpg
7903772344501,7903772344501.jpg
7903772770485,7903772770485.jpg
7904473907381,7904473907381.jpg
7904524665013,7904524665013.jpg
7904530333877,7904530333877.jpg
7904530497717,7904530497717.jpg
7904530530485,7904530530485.jpg
7904530596021,7904530596021.jpg
7904530628789,7904530628789.jpg
7904530923701,7904530923701.jpg
7904531087541,7904531087541.jpg
7904531218613,7904531218613.jpg
7904532037813,7904532037813.jpg
7904532070581,7904532070581.jpg
7904532103349,7904532103349.jpg
7904532267189,7904532267189.jpg
7904532398261,7904532398261.jpg
7907330818229,7907330818229.jpg
7907331866805,7907331866805.jpg
7907333832885,7907333832885.jpg
7907336880309,7907336880309.jpg
7907337765045,7907337765045.jpg
7910227280053,7910227280053.jpg
7910228164789,7910228164789.jpg
7910228885685,7910228885685.jpg
7910323421365,7910323421365.jpg
7910332334261,7910332334261.jpg
7910336331957,7910336331957.jpg
7910341083317,7910341083317.jpg
7910355828917,7910355828917.jpg
7910359695541,7910359695541.jpg
7910383124661,7910383124661.jpg
7910383419573,7910383419573.jpg
7910383812789,7910383812789.jpg
7910384402613,7910384402613.jpg
7910385090741,7910385090741.jpg
7912110882997,7912110882997.jpg
7912196571317,7912196571317.jpg
7912198308021,7912198308021.jpg
7912208957621,7912208957621.jpg
7912209023157,7912209023157.jpg
7912212398261,7912212398261.jpg
7914776133689,7914776133689.jpg
7914776854585,7914776854585.jpg
7914776887353,7914776887353.jpg
7914776985657,7914776985657.jpg
7914777116729,7914777116729.jpg
7914777411641,7914777411641.jpg
7914777608249,7914777608249.jpg
7914777804857,7914777804857.jpg
7914777837625,7914777837625.jpg
7916279005241,7916279005241.jpg
7916279234617,7916279234617.jpg
7916279398457,7916279398457.jpg
7916279726137,7916279726137.jpg
7916280184889,7916280184889.jpg
7916280807481,7916280807481.jpg
7916281004089,7916281004089.jpg
7916281167929,7916281167929.jpg
7916281331769,7916281331769.jpg
7916281987129,7916281987129.jpg
7916282347577,7916282347577.jpg
7916282970169,7916282970169.jpg
7916284149817,7916284149817.jpg
7916285001785,7916285001785.jpg
7916285198393,7916285198393.jpg
7917290717365,7917290717365.jpg
7917379059893,7917379059893.jpg
7925668479033,7925668479033.jpg
7925668577337,7925668577337.jpg
7925668610105,7925668610105.jpg
7925668642873,7925668642873.jpg
7925668675641,7925668675641.jpg
7925668741177,7925668741177.jpg
7925668872249,7925668872249.jpg
7925668905017,7925668905017.jpg
7925669003321,7925669003321.jpg
7925669036089,7925669036089.jpg
7925669068857,7925669068857.jpg
7925669167161,7925669167161.jpg
7925669199929,7925669199929.jpg
7926724165689,7926724165689.jpg
7927849517113,7927849517113.jpg
7927849615417,7927849615417.jpg
7927849877561,7927849877561.jpg
7927850729529,7927850729529.jpg
7928877777077,7928877777077.jpg
7928891506869,7928891506869.jpg
7928909463733,7928909463733.jpg
7928981422261,7928981422261.jpg
7928984862901,7928984862901.jpg
7938917990457,7938917990457.jpg
7938918088761,7938918088761.jpg
7938918219833,7938918219833.jpg
7938918514745,7938918514745.jpg
7938918547513,7938918547513.jpg
7938918580281,7938918580281.jpg
7938918711353,7938918711353.jpg
7938918776889,7938918776889.jpg
7938918907961,7938918907961.jpg
7939239870645,7939239870645.jpg
7939240984757,7939240984757.jpg
7943110230073,7943110230073.jpg
7943110426681,7943110426681.jpg
7943110656057,7943110656057.jpg
7943110819897,7943110819897.jpg
7943111049273,7943111049273.jpg
7943111147577,7943111147577.jpg
7943111213113,7943111213113.jpg
7943111344185,7943111344185.jpg
7945398517941,7945398517941.jpg
7945403007157,7945403007157.jpg
7949023215673,7949023215673.jpg
7949023412281,7949023412281.jpg
7949023739961,7949023739961.jpg
7949023936569,7949023936569.jpg
7949024100409,7949024100409.jpg
7949024428089,7949024428089.jpg
7949024723001,7949024723001.jpg
7949025443897,7949025443897.jpg
7949026164793,7949026164793.jpg
7949027147833,7949027147833.jpg
7949027737657,7949027737657.jpg
7949028065337,7949028065337.jpg
7949028327481,7949028327481.jpg
7949028687929,7949028687929.jpg
7949029277753,7949029277753.jpg
7949029572665,7949029572665.jpg
7949029965881,7949029965881.jpg
7949030293561,7949030293561.jpg
7949030490169,7949030490169.jpg
7949030817849,7949030817849.jpg
7953770021045,7953770021045.jpg
7953864523957,7953864523957.jpg
7953864949941,7953864949941.jpg
7953873305781,7953873305781.jpg
7953875665077,7953875665077.jpg
7953880055989,7953880055989.jpg
7953885036725,7953885036725.jpg
7953886707893,7953886707893.jpg
7953904435381,7953904435381.jpg
7953905320117,7953905320117.jpg
7953995989173,7953995989173.jpg
7954002149557,7954002149557.jpg
7954008932533,7954008932533.jpg
7954011553973,7954011553973.jpg
7954032820405,7954032820405.jpg
7954071421109,7954071421109.jpg
7955044597941,7955044597941.jpg
7955051937973,7955051937973.jpg
7955053740213,7955053740213.jpg
7955054723253,7955054723253.jpg
7955068158133,7955068158133.jpg
7955069665461,7955069665461.jpg
7955069829301,7955069829301.jpg
7955071008949,7955071008949.jpg
7955072483509,7955072483509.jpg
7955073499317,7955073499317.jpg
7955074252981,7955074252981.jpg
7955079332021,7955079332021.jpg
7955079626933,7955079626933.jpg
7955081593013,7955081593013.jpg
7955084509365,7955084509365.jpg
7955085164725,7955085164725.jpg
7955086573749,7955086573749.jpg
7955088048309,7955088048309.jpg
7955088834741,7955088834741.jpg
7955090833589,7955090833589.jpg
7955094143157,7955094143157.jpg
7955125076149,7955125076149.jpg
7955127861429,7955127861429.jpg
7955128680629,7955128680629.jpg
7955129532597,7955129532597.jpg
7955132514485,7955132514485.jpg
7955142410421,7955142410421.jpg
7955160334517,7955160334517.jpg
7955163087029,7955163087029.jpg
7955164496053,7955164496053.jpg
7955897090105,7955897090105.jpg
7955897253945,7955897253945.jpg
7955897319481,7955897319481.jpg
7955897548857,7955897548857.jpg
7955897712697,7955897712697.jpg
7955897778233,7955897778233.jpg
7955897909305,7955897909305.jpg
7955898171449,7955898171449.jpg
7955898236985,7955898236985.jpg
7955898335289,7955898335289.jpg
7955898466361,7955898466361.jpg
7956162642101,7956162642101.jpg
7956167229621,7956167229621.jpg
7957610856629,7957610856629.jpg
7957611053237,7957611053237.jpg
7957611184309,7957611184309.jpg
7957611413685,7957611413685.jpg
7957611610293,7957611610293.jpg
7957611708597,7957611708597.jpg
7957612069045,7957612069045.jpg
7957612167349,7957612167349.jpg
7957612298421,7957612298421.jpg
7957612462261,7957612462261.jpg
7957612560565,7957612560565.jpg
7960899879093,7960899879093.jpg
7960900141237,7960900141237.jpg
7960900272309,7960900272309.jpg
7960900403381,7960900403381.jpg
7960900501685,7960900501685.jpg
7960900665525,7960900665525.jpg
7960900796597,7960900796597.jpg
7960900993205,7960900993205.jpg
7960901124277,7960901124277.jpg
7960901222581,7960901222581.jpg
7960901451957,7960901451957.jpg
7960901583029,7960901583029.jpg
7960901746869,7960901746869.jpg
7960901877941,7960901877941.jpg
7960901943477,7960901943477.jpg
7960902041781,7960902041781.jpg
7961078104121,7961078104121.jpg
7961078267961,7961078267961.jpg
7961078399033,7961078399033.jpg
7961078464569,7961078464569.jpg
7961078628409,7961078628409.jpg
7961078661177,7961078661177.jpg
7961078759481,7961078759481.jpg
7961078792249,7961078792249.jpg
7961079087161,7961079087161.jpg
7961079251001,7961079251001.jpg
7961079316537,7961079316537.jpg
7961079414841,7961079414841.jpg
7961079611449,7961079611449.jpg
7961079840825,7961079840825.jpg
7961080102969,7961080102969.jpg
7962694156469,7962694156469.jpg
7965738139705,7965738139705.jpg
7965739319353,7965739319353.jpg
7965739515961,7965739515961.jpg
7965739712569,7965739712569.jpg
7965741154361,7965741154361.jpg
7965742137401,7965742137401.jpg
7965743317049,7965743317049.jpg
7965744431161,7965744431161.jpg
7965744758841,7965744758841.jpg
7965745152057,7965745152057.jpg
7965745872953,7965745872953.jpg
7967790432451,7967790432451.jpg
7972493590585,7972493590585.jpg
7972493623353,7972493623353.jpg
7972493787193,7972493787193.jpg
7972493819961,7972493819961.jpg
7973021745333,7973021745333.jpg
7973070733493,7973070733493.jpg
7973115789493,7973115789493.jpg
7973868798009,7973868798009.jpg
7973868830777,7973868830777.jpg
7973868994617,7973868994617.jpg
7973869092921,7973869092921.jpg
7973869191225,7973869191225.jpg
7973869256761,7973869256761.jpg
7973869289529,7973869289529.jpg
7973869813817,7973869813817.jpg
7973869879353,7973869879353.jpg
7973869912121,7973869912121.jpg
7973869944889,7973869944889.jpg
7973869977657,7973869977657.jpg
7973870207033,7973870207033.jpg
7973870239801,7973870239801.jpg
7976203452473,7976203452473.jpg
7976203550777,7976203550777.jpg
7976203845689,7976203845689.jpg
7976203976761,7976203976761.jpg
7976437809333,7976437809333.jpg
7976617934905,7976617934905.jpg
7979227676853,7979227676853.jpg
7980493013049,7980493013049.jpg
7987396509877,7987396509877.jpg
7989920989241,7989920989241.jpg
7989921513529,7989921513529.jpg
7989923840057,7989923840057.jpg
7995669020729,7995669020729.jpg
7995669315641,7995669315641.jpg
7995669479481,7995669479481.jpg
7995669643321,7995669643321.jpg
7995669839929,7995669839929.jpg
7995670102073,7995670102073.jpg
7995670167609,7995670167609.jpg
7995799404739,7995799404739.jpg
7999398445251,7999398445251.jpg
8000433913913,8000433913913.jpg
8000433979449,8000433979449.jpg
8000434470969,8000434470969.jpg
8000434536505,8000434536505.jpg
8000434667577,8000434667577.jpg
8000434765881,8000434765881.jpg
8000434831417,8000434831417.jpg
8000434864185,8000434864185.jpg
8000434995257,8000434995257.jpg
8000435060793,8000435060793.jpg
8000435093561,8000435093561.jpg
8001295548611,8001295548611.jpg
8001301512387,8001301512387.jpg
8003333587125,8003333587125.jpg
8003333652661,8003333652661.jpg
8003333750965,8003333750965.jpg
8003334045877,8003334045877.jpg
8003334078645,8003334078645.jpg
8003334275253,8003334275253.jpg
8003334471861,8003334471861.jpg
8003334602933,8003334602933.jpg
8003334799541,8003334799541.jpg
8004153442485,8004153442485.jpg
8004153901237,8004153901237.jpg
8004154261685,8004154261685.jpg
8004154753205,8004154753205.jpg
8004155211957,8004155211957.jpg
8004155932853,8004155932853.jpg
8004156424373,8004156424373.jpg
8004156784821,8004156784821.jpg
8004156850357,8004156850357.jpg
8004157276341,8004157276341.jpg
8004157669557,8004157669557.jpg
8004158292149,8004158292149.jpg
8004254466229,8004254466229.jpg
8004255416501,8004255416501.jpg
8005602115641,8005602115641.jpg
8005602148409,8005602148409.jpg
8005602181177,8005602181177.jpg
8005602213945,8005602213945.jpg
8005602246713,8005602246713.jpg
8005602279481,8005602279481.jpg
8005602312249,8005602312249.jpg
8005602345017,8005602345017.jpg
8005602377785,8005602377785.jpg
8005602443321,8005602443321.jpg
8005602476089,8005602476089.jpg
8005602541625,8005602541625.jpg
8005602607161,8005602607161.jpg
8005602639929,8005602639929.jpg
8005602836537,8005602836537.jpg
8005602869305,8005602869305.jpg
8005602902073,8005602902073.jpg
8005602934841,8005602934841.jpg
8005603033145,8005603033145.jpg
8006146425027,8006146425027.jpg
8006879019189,8006879019189.jpg
8006923583669,8006923583669.jpg
8007453081781,8007453081781.jpg
8007624261813,8007624261813.jpg
8007624818869,8007624818869.jpg
8007625244853,8007625244853.jpg
8007625769141,8007625769141.jpg
8007626129589,8007626129589.jpg
8007626621109,8007626621109.jpg
8007626948789,8007626948789.jpg
8007627407541,8007627407541.jpg
8007627866293,8007627866293.jpg
8007628259509,8007628259509.jpg
8007628718261,8007628718261.jpg
8007629406389,8007629406389.jpg
8007629865141,8007629865141.jpg
8007630291125,8007630291125.jpg
8007630717109,8007630717109.jpg
8007631143093,8007631143093.jpg
8007631536309,8007631536309.jpg
8008020033731,8008020033731.jpg
8011667570745,8011667570745.jpg
8011667800121,8011667800121.jpg
8011667996729,8011667996729.jpg
8019707855029,8019707855029.jpg
8021937193141,8021937193141.jpg
8021937750197,8021937750197.jpg
8021940306101,8021940306101.jpg
8021947383989,8021947383989.jpg
8022211592249,8022211592249.jpg
8022211756089,8022211756089.jpg
8022211854393,8022211854393.jpg
8022212018233,8022212018233.jpg
8022212214841,8022212214841.jpg
8022212313145,8022212313145.jpg
8022212345913,8022212345913.jpg
8022212378681,8022212378681.jpg
8022212444217,8022212444217.jpg
8022212804665,8022212804665.jpg
8022212837433,8022212837433.jpg
8022212902969,8022212902969.jpg
8022213001273,8022213001273.jpg
8022213066809,8022213066809.jpg
8022213099577,8022213099577.jpg
8022213132345,8022213132345.jpg
8022213165113,8022213165113.jpg
8022213197881,8022213197881.jpg
8022213263417,8022213263417.jpg
8024073339061,8024073339061.jpg
8024073404597,8024073404597.jpg
8024073535669,8024073535669.jpg
8024073666741,8024073666741.jpg
8024073863349,8024073863349.jpg
8024074617013,8024074617013.jpg
8024074780853,8024074780853.jpg
8024074911925,8024074911925.jpg
8024075042997,8024075042997.jpg
8024075108533,8024075108533.jpg
8024075468981,8024075468981.jpg
8024075665589,8024075665589.jpg
8024075894965,8024075894965.jpg
8024076157109,8024076157109.jpg
8024078450869,8024078450869.jpg
8024092672181,8024092672181.jpg
8024092704949,8024092704949.jpg
8024092836021,8024092836021.jpg
8024092967093,8024092967093.jpg
8024093065397,8024093065397.jpg
8024093196469,8024093196469.jpg
8024093262005,8024093262005.jpg
8024093393077,8024093393077.jpg
8024093491381,8024093491381.jpg
8024133140661,8024133140661.jpg
8024136810677,8024136810677.jpg
8024139202741,8024139202741.jpg
8024139301045,8024139301045.jpg
8024139333813,8024139333813.jpg
8024139399349,8024139399349.jpg
8024139432117,8024139432117.jpg
8024139497653,8024139497653.jpg
8024139530421,8024139530421.jpg
8024139595957,8024139595957.jpg
8024139628725,8024139628725.jpg
8024139727029,8024139727029.jpg
8024139890869,8024139890869.jpg
8024139989173,8024139989173.jpg
8024140054709,8024140054709.jpg
8024140153013,8024140153013.jpg
8024140185781,8024140185781.jpg
8024140284085,8024140284085.jpg
8024140382389,8024140382389.jpg
8024602509493,8024602509493.jpg
8024603066549,8024603066549.jpg
8024603132085,8024603132085.jpg
8024603426997,8024603426997.jpg
8024603525301,8024603525301.jpg
8024604344501,8024604344501.jpg
8024604770485,8024604770485.jpg
8024604999861,8024604999861.jpg
8024605360309,8024605360309.jpg
8024605556917,8024605556917.jpg
8024605753525,8024605753525.jpg
8024605950133,8024605950133.jpg
8024633540789,8024633540789.jpg
8024633934005,8024633934005.jpg
8024633999541,8024633999541.jpg
8024634163381,8024634163381.jpg
8024634359989,8024634359989.jpg
8024634818741,8024634818741.jpg
8024635244725,8024635244725.jpg
8024635474101,8024635474101.jpg
8024635670709,8024635670709.jpg
8024635834549,8024635834549.jpg
8024635965621,8024635965621.jpg
8024637767861,8024637767861.jpg
8024638783669,8024638783669.jpg
8028573106357,8028573106357.jpg
8028578316469,8028578316469.jpg
8028592406709,8028592406709.jpg
8028595650741,8028595650741.jpg
8028597223605,8028597223605.jpg
8028599124149,8028599124149.jpg
8029702815801,8029702815801.jpg
8029702881337,8029702881337.jpg
8029703077945,8029703077945.jpg
8029703307321,8029703307321.jpg
8029703372857,8029703372857.jpg
8029703405625,8029703405625.jpg
8029703438393,8029703438393.jpg
8029703536697,8029703536697.jpg
8029703569465,8029703569465.jpg
8029703602233,8029703602233.jpg
8029703635001,8029703635001.jpg
8029703667769,8029703667769.jpg
8029703700537,8029703700537.jpg
8029703766073,8029703766073.jpg
8029703798841,8029703798841.jpg
8029703864377,8029703864377.jpg
8029703897145,8029703897145.jpg
8029703995449,8029703995449.jpg
8029704060985,8029704060985.jpg
8029704126521,8029704126521.jpg
8029704192057,8029704192057.jpg
8029704224825,8029704224825.jpg
8033628946627,8033628946627.jpg
8035247783993,8035247783993.jpg
8035247816761,8035247816761.jpg
8035247882297,8035247882297.jpg
8035247980601,8035247980601.jpg
8035248013369,8035248013369.jpg
8035248046137,8035248046137.jpg
8035248111673,8035248111673.jpg
8035248635961,8035248635961.jpg
8035250896953,8035250896953.jpg
8035252469817,8035252469817.jpg
8035253420089,8035253420089.jpg
8035253452857,8035253452857.jpg
8035253485625,8035253485625.jpg
8035253518393,8035253518393.jpg
8035253551161,8035253551161.jpg
8035253583929,8035253583929.jpg
8035253649465,8035253649465.jpg
8035253682233,8035253682233.jpg
8035253747769,8035253747769.jpg
8035253780537,8035253780537.jpg
8035253813305,8035253813305.jpg
8036612178115,8036612178115.jpg
8038949880003,8038949880003.jpg
8040464810165,8040464810165.jpg
8040546042037,8040546042037.jpg
8040946761785,8040946761785.jpg
8040946794553,8040946794553.jpg
8040946827321,8040946827321.jpg
8040946860089,8040946860089.jpg
8040946925625,8040946925625.jpg
8040946958393,8040946958393.jpg
8040946991161,8040946991161.jpg
8040947023929,8040947023929.jpg
8040947056697,8040947056697.jpg
8040955347001,8040955347001.jpg
8040957280313,8040957280313.jpg
8040957542457,8040957542457.jpg
8040957575225,8040957575225.jpg
8040957837369,8040957837369.jpg
8040957870137,8040957870137.jpg
8040957935673,8040957935673.jpg
8040957968441,8040957968441.jpg
8040958001209,8040958001209.jpg
8040958066745,8040958066745.jpg
8040958099513,8040958099513.jpg
8040958132281,8040958132281.jpg
8040958296121,8040958296121.jpg
8040958361657,8040958361657.jpg
8043696062659,8043696062659.jpg
8049947869241,8049947869241.jpg
8049947902009,8049947902009.jpg
8049947934777,8049947934777.jpg
8049948000313,8049948000313.jpg
8049948033081,8049948033081.jpg
8049948131385,8049948131385.jpg
8049948164153,8049948164153.jpg
8049948196921,8049948196921.jpg
8049948229689,8049948229689.jpg
8049948262457,8049948262457.jpg
8049948295225,8049948295225.jpg
8049948327993,8049948327993.jpg
8049948393529,8049948393529.jpg
8049948459065,8049948459065.jpg
8049948491833,8049948491833.jpg
8049948524601,8049948524601.jpg
8051994689717,8051994689717.jpg
8051994788021,8051994788021.jpg
8051995181237,8051995181237.jpg
8051995345077,8051995345077.jpg
8051995443381,8051995443381.jpg
8051995607221,8051995607221.jpg
8051995738293,8051995738293.jpg
8051996197045,8051996197045.jpg
8051996295349,8051996295349.jpg
8051996491957,8051996491957.jpg
8051996819637,8051996819637.jpg
8052013072565,8052013072565.jpg
8052013465781,8052013465781.jpg
8052013957301,8052013957301.jpg
8052014350517,8052014350517.jpg
8052014481589,8052014481589.jpg
8052014612661,8052014612661.jpg
8052014710965,8052014710965.jpg
8052015136949,8052015136949.jpg
8052015628469,8052015628469.jpg
8052015759541,8052015759541.jpg
8052016119989,8052016119989.jpg
8052040040629,8052040040629.jpg
8052040171701,8052040171701.jpg
8052040466613,8052040466613.jpg
8052040564917,8052040564917.jpg
8052041515189,8052041515189.jpg
8052042072245,8052042072245.jpg
8052042268853,8052042268853.jpg
8052042334389,8052042334389.jpg
8052042399925,8052042399925.jpg
8052051312821,8052051312821.jpg
8052051345589,8052051345589.jpg
8052051411125,8052051411125.jpg
8052051476661,8052051476661.jpg
8052052230325,8052052230325.jpg
8052052295861,8052052295861.jpg
8052052361397,8052052361397.jpg
8052052394165,8052052394165.jpg
8052052459701,8052052459701.jpg
8052052721845,8052052721845.jpg
8052052754613,8052052754613.jpg
8052572782773,8052572782773.jpg
8052590346421,8052590346421.jpg
8052596310197,8052596310197.jpg
8052606009525,8052606009525.jpg
8052609745077,8052609745077.jpg
8052610793653,8052610793653.jpg
8052615020725,8052615020725.jpg
8052642382005,8052642382005.jpg
8052644380853,8052644380853.jpg
8054141288629,8054141288629.jpg
8054141649077,8054141649077.jpg
8054151151797,8054151151797.jpg
8054154395829,8054154395829.jpg
8054160720053,8054160720053.jpg
8054164422837,8054164422837.jpg
8054169305269,8054169305269.jpg
8055296491701,8055296491701.jpg
8055296557237,8055296557237.jpg
8055296721077,8055296721077.jpg
8055296753845,8055296753845.jpg
8057330040889,8057330040889.jpg
8057330106425,8057330106425.jpg
8057331253305,8057331253305.jpg
8057331417145,8057331417145.jpg
8057331810361,8057331810361.jpg
8057331941433,8057331941433.jpg
8057332105273,8057332105273.jpg
8057332301881,8057332301881.jpg
8057332531257,8057332531257.jpg
8057332629561,8057332629561.jpg
8057332662329,8057332662329.jpg
8057332793401,8057332793401.jpg
8057338626105,8057338626105.jpg
8064009765045,8064009765045.jpg
8064060850357,8064060850357.jpg
8064124125365,8064124125365.jpg
8064157483189,8064157483189.jpg
8064160334005,8064160334005.jpg
8066617376949,8066617376949.jpg
8066619015349,8066619015349.jpg
8071885160505,8071885160505.jpg
8071886635065,8071886635065.jpg
8071888207929,8071888207929.jpg
8071889158201,8071889158201.jpg
8071889223737,8071889223737.jpg
8071889289273,8071889289273.jpg
8071889322041,8071889322041.jpg
8071889354809,8071889354809.jpg
8071889453113,8071889453113.jpg
8071889518649,8071889518649.jpg
8071889551417,8071889551417.jpg
8071889616953,8071889616953.jpg
8072024522933,8072024522933.jpg
8072024588469,8072024588469.jpg
8072024621237,8072024621237.jpg
8072024719541,8072024719541.jpg
8072024752309,8072024752309.jpg
8072024883381,8072024883381.jpg
8072024916149,8072024916149.jpg
8072025079989,8072025079989.jpg
8072025145525,8072025145525.jpg
8072025243829,8072025243829.jpg
8072025276597,8072025276597.jpg
8073139683509,8073139683509.jpg
8073139814581,8073139814581.jpg
8073139880117,8073139880117.jpg
8073140011189,8073140011189.jpg
8080408117305,8080408117305.jpg
8080408150073,8080408150073.jpg
8080409165881,8080409165881.jpg
8080409198649,8080409198649.jpg
8080409231417,8080409231417.jpg
8080409264185,8080409264185.jpg
8080409329721,8080409329721.jpg
8080409362489,8080409362489.jpg
8080409428025,8080409428025.jpg
8080409493561,8080409493561.jpg
8080409559097,8080409559097.jpg
8080409591865,8080409591865.jpg
8080409722937,8080409722937.jpg
8080409788473,8080409788473.jpg
8087176642617,8087176642617.jpg
8087176708153,8087176708153.jpg
8087176871993,8087176871993.jpg
8087176904761,8087176904761.jpg
8087176937529,8087176937529.jpg
8087176970297,8087176970297.jpg
8087177068601,8087177068601.jpg
8087177134137,8087177134137.jpg
8087177265209,8087177265209.jpg
8087177297977,8087177297977.jpg
8087177396281,8087177396281.jpg
8087177461817,8087177461817.jpg
8087177527353,8087177527353.jpg
8087177560121,8087177560121.jpg
8087177756729,8087177756729.jpg
8087177822265,8087177822265.jpg
8087177887801,8087177887801.jpg
8087178018873,8087178018873.jpg
8087178117177,8087178117177.jpg
8087178182713,8087178182713.jpg
8087178313785,8087178313785.jpg
8094824726585,8094824726585.jpg
8094824857657,8094824857657.jpg
8094824988729,8094824988729.jpg
8094825087033,8094825087033.jpg
8094825283641,8094825283641.jpg
8094825414713,8094825414713.jpg
8094825513017,8094825513017.jpg
8094825578553,8094825578553.jpg
8094825644089,8094825644089.jpg
8094825775161,8094825775161.jpg
8094825873465,8094825873465.jpg
8094825906233,8094825906233.jpg
8102663585849,8102663585849.jpg
8102663716921,8102663716921.jpg
8102663815225,8102663815225.jpg
8102663946297,8102663946297.jpg
8102663979065,8102663979065.jpg
8102664077369,8102664077369.jpg
8102664142905,8102664142905.jpg
8102664175673,8102664175673.jpg
8102664405049,8102664405049.jpg
8102664503353,8102664503353.jpg
8102664634425,8102664634425.jpg
8102664667193,8102664667193.jpg
8102664863801,8102664863801.jpg
8104119369909,8104119369909.jpg
8104120090805,8104120090805.jpg
8104120221877,8104120221877.jpg
8104120418485,8104120418485.jpg
8104120582325,8104120582325.jpg
8104120713397,8104120713397.jpg
8104120778933,8104120778933.jpg
8104121073845,8104121073845.jpg
8104121172149,8104121172149.jpg
8104121434293,8104121434293.jpg
8104122056885,8104122056885.jpg
8104888795317,8104888795317.jpg
8104888828085,8104888828085.jpg
8104888926389,8104888926389.jpg
8104888959157,8104888959157.jpg
8104889122997,8104889122997.jpg
8104889254069,8104889254069.jpg
8104889417909,8104889417909.jpg
8104889581749,8104889581749.jpg
8104889843893,8104889843893.jpg
8104889974965,8104889974965.jpg
8104890007733,8104890007733.jpg
8104890073269,8104890073269.jpg
8104890106037,8104890106037.jpg
8104921661621,8104921661621.jpg
8104921694389,8104921694389.jpg
8106041704629,8106041704629.jpg
8106041770165,8106041770165.jpg
8106041901237,8106041901237.jpg
8106041999541,8106041999541.jpg
8106042196149,8106042196149.jpg
8106042228917,8106042228917.jpg
8106042359989,8106042359989.jpg
8106042556597,8106042556597.jpg
8106071031989,8106071031989.jpg
8106071392437,8106071392437.jpg
8106071556277,8106071556277.jpg
8106071589045,8106071589045.jpg
8106071654581,8106071654581.jpg
8106071720117,8106071720117.jpg
8106071916725,8106071916725.jpg
8106072015029,8106072015029.jpg
8106072047797,8106072047797.jpg
8106072113333,8106072113333.jpg
8106072146101,8106072146101.jpg
8106072178869,8106072178869.jpg
8106072244405,8106072244405.jpg
8106072277173,8106072277173.jpg
8106459856953,8106459856953.jpg
8106460020793,8106460020793.jpg
8107682857141,8107682857141.jpg
8107684135093,8107684135093.jpg
8107688755381,8107688755381.jpg
8107694325941,8107694325941.jpg
8107694424245,8107694424245.jpg
8107694620853,8107694620853.jpg
8107694915765,8107694915765.jpg
8107695669429,8107695669429.jpg
8107695898805,8107695898805.jpg
8107696128181,8107696128181.jpg
8107696193717,8107696193717.jpg
8107696259253,8107696259253.jpg
8107696423093,8107696423093.jpg
8107716116661,8107716116661.jpg
8107730731189,8107730731189.jpg
8107778113717,8107778113717.jpg
8109418610869,8109418610869.jpg
8109510394037,8109510394037.jpg
8109510754485,8109510754485.jpg
8109511147701,8109511147701.jpg
8109511442613,8109511442613.jpg
8109511868597,8109511868597.jpg
8109512261813,8109512261813.jpg
8109512425653,8109512425653.jpg
8109512818869,8109512818869.jpg
8109513277621,8109513277621.jpg
8109513605301,8109513605301.jpg
8109513998517,8109513998517.jpg
8109514358965,8109514358965.jpg
8109514653877,8109514653877.jpg
8109514981557,8109514981557.jpg
8109515342005,8109515342005.jpg
8109515669685,8109515669685.jpg
8109516062901,8109516062901.jpg
8109516423349,8109516423349.jpg
8113286971573,8113286971573.jpg
8113287397557,8113287397557.jpg
8113288085685,8113288085685.jpg
8113288806581,8113288806581.jpg
8113289330869,8113289330869.jpg
8113289527477,8113289527477.jpg
8114747277369,8114747277369.jpg
8114747310137,8114747310137.jpg
8114747375673,8114747375673.jpg
8114747473977,8114747473977.jpg
8114747670585,8114747670585.jpg
8114747703353,8114747703353.jpg
8114747736121,8114747736121.jpg
8114748096569,8114748096569.jpg
8114748260409,8114748260409.jpg
8114748293177,8114748293177.jpg
8114748817465,8114748817465.jpg
8114748883001,8114748883001.jpg
8114749112377,8114749112377.jpg
8114749210681,8114749210681.jpg
8114749407289,8114749407289.jpg
8114749505593,8114749505593.jpg
8114749767737,8114749767737.jpg
8114749866041,8114749866041.jpg
8114749931577,8114749931577.jpg
8117651472565,8117651472565.jpg
8117651570869,8117651570869.jpg
8117651669173,8117651669173.jpg
8117651734709,8117651734709.jpg
8117651833013,8117651833013.jpg
8117652029621,8117652029621.jpg
8117652095157,8117652095157.jpg
8117652258997,8117652258997.jpg
8117659861173,8117659861173.jpg
8117660254389,8117660254389.jpg
8117660516533,8117660516533.jpg
8117660844213,8117660844213.jpg
8117662056629,8117662056629.jpg
8117664186549,8117664186549.jpg
8117664481461,8117664481461.jpg
8117664743605,8117664743605.jpg
8117664972981,8117664972981.jpg
8117665202357,8117665202357.jpg
8117665267893,8117665267893.jpg
8117665333429,8117665333429.jpg
8117665398965,8117665398965.jpg
8117665464501,8117665464501.jpg
8117665562805,8117665562805.jpg
8118307192889,8118307192889.jpg
8118592995509,8118592995509.jpg
8118593028277,8118593028277.jpg
8118593061045,8118593061045.jpg
8118593159349,8118593159349.jpg
8120061690037,8120061690037.jpg
8120061788341,8120061788341.jpg
8120062017717,8120062017717.jpg
8120062181557,8120062181557.jpg
8120062247093,8120062247093.jpg
8120062345397,8120062345397.jpg
8120062443701,8120062443701.jpg
8120062738613,8120062738613.jpg
8120062836917,8120062836917.jpg
8120063033525,8120063033525.jpg
8120063131829,8120063131829.jpg
8120063262901,8120063262901.jpg
8120063557813,8120063557813.jpg
8120063721653,8120063721653.jpg
8120063852725,8120063852725.jpg
8120064114869,8120064114869.jpg
8120064245941,8120064245941.jpg
8120064311477,8120064311477.jpg
8120064475317,8120064475317.jpg
8120064639157,8120064639157.jpg
8120064737461,8120064737461.jpg
8120778293305,8120778293305.jpg
8120781865017,8120781865017.jpg
8120787927097,8120787927097.jpg
8120789893177,8120789893177.jpg
8120791597113,8120791597113.jpg
8120792449081,8120792449081.jpg
8120800313401,8120800313401.jpg
8120804212793,8120804212793.jpg
8120813617209,8120813617209.jpg
8120814436409,8120814436409.jpg
8120816664633,8120816664633.jpg
8120819777593,8120819777593.jpg
8120832720953,8120832720953.jpg
8120837832761,8120837832761.jpg
8120841207865,8120841207865.jpg
8120846155833,8120846155833.jpg
8132562813109,8132562813109.jpg
8132563009717,8132563009717.jpg
8132563042485,8132563042485.jpg
8136845394101,8136845394101.jpg
8137859432629,8137859432629.jpg
8137859727541,8137859727541.jpg
8137859825845,8137859825845.jpg
8138411999413,8138411999413.jpg
8138412687541,8138412687541.jpg
8138413932725,8138413932725.jpg
8138414325941,8138414325941.jpg
8138415177909,8138415177909.jpg
8138415964341,8138415964341.jpg
8138420781237,8138420781237.jpg
8139041472693,8139041472693.jpg
8139053695157,8139053695157.jpg
8139056775349,8139056775349.jpg
8139059855541,8139059855541.jpg
8139068866741,8139068866741.jpg
8139073355957,8139073355957.jpg
8139076042933,8139076042933.jpg
8139078631605,8139078631605.jpg
8139096260789,8139096260789.jpg
8139218354357,8139218354357.jpg
8139219140789,8139219140789.jpg
8139222548661,8139222548661.jpg
8139258331317,8139258331317.jpg
8139261935797,8139261935797.jpg
8139265736885,8139265736885.jpg
8140103876789,8140103876789.jpg
8140720865337,8140720865337.jpg
8140720898105,8140720898105.jpg
8140720930873,8140720930873.jpg
8140721061945,8140721061945.jpg
8140721094713,8140721094713.jpg
8140721127481,8140721127481.jpg
8140721291321,8140721291321.jpg
8140721324089,8140721324089.jpg
8142551482549,8142551482549.jpg
8142555349173,8142555349173.jpg
8142559019189,8142559019189.jpg
8142560002229,8142560002229.jpg
8142580154549,8142580154549.jpg
8142583693493,8142583693493.jpg
8142589198517,8142589198517.jpg
8142592180405,8142592180405.jpg
8142592901301,8142592901301.jpg
8142593065141,8142593065141.jpg
8142593163445,8142593163445.jpg
8142593294517,8142593294517.jpg
8142593327285,8142593327285.jpg
8142593589429,8142593589429.jpg
8142593786037,8142593786037.jpg
8142594015413,8142594015413.jpg
8142594244789,8142594244789.jpg
8142594474165,8142594474165.jpg
8142594572469,8142594572469.jpg
8142594769077,8142594769077.jpg
8142594900149,8142594900149.jpg
8142595719349,8142595719349.jpg
8142596767925,8142596767925.jpg
8142597849269,8142597849269.jpg
8142600732853,8142600732853.jpg
8142616658101,8142616658101.jpg
8142617739445,8142617739445.jpg
8142618689717,8142618689717.jpg
8142619246773,8142619246773.jpg
8142627766453,8142627766453.jpg
8143614181557,8143614181557.jpg
8143626666165,8143626666165.jpg
8143631548597,8143631548597.jpg
8143644983477,8143644983477.jpg
8143645212853,8143645212853.jpg
8143645442229,8143645442229.jpg
8143645638837,8143645638837.jpg
8143645966517,8143645966517.jpg
8143646326965,8143646326965.jpg
8143646851253,8143646851253.jpg
8143647047861,8143647047861.jpg
8143648227509,8143648227509.jpg
8143648686261,8143648686261.jpg
8143745417397,8143745417397.jpg
8143747186869,8143747186869.jpg
8143761998005,8143761998005.jpg
8144693330101,8144693330101.jpg
8144717021365,8144717021365.jpg
8144726458549,8144726458549.jpg
8144744743093,8144744743093.jpg
8144758833333,8144758833333.jpg
8144862314677,8144862314677.jpg
8144862380213,8144862380213.jpg
8144862478517,8144862478517.jpg
8144862609589,8144862609589.jpg
8144862707893,8144862707893.jpg
8144862871733,8144862871733.jpg
8144863035573,8144863035573.jpg
8144863166645,8144863166645.jpg
8144863297717,8144863297717.jpg
8144921231541,8144921231541.jpg
8144938041525,8144938041525.jpg
8145326178485,8145326178485.jpg
8145327128757,8145327128757.jpg
8145327554741,8145327554741.jpg
8145327915189,8145327915189.jpg
8145328210101,8145328210101.jpg
8145328701621,8145328701621.jpg
8148147110069,8148147110069.jpg
8148148912309,8148148912309.jpg
8148152910005,8148152910005.jpg
8148156285109,8148156285109.jpg
8148978270389,8148978270389.jpg
8148980138165,8148980138165.jpg
8148980203701,8148980203701.jpg
8148980269237,8148980269237.jpg
8148980334773,8148980334773.jpg
8148980433077,8148980433077.jpg
8148980531381,8148980531381.jpg
8148980859061,8148980859061.jpg
8148981285045,8148981285045.jpg
8148981383349,8148981383349.jpg
8148981481653,8148981481653.jpg
8148981547189,8148981547189.jpg
8148981645493,8148981645493.jpg
8148987314357,8148987314357.jpg
8149086634165,8149086634165.jpg
8149087420597,8149087420597.jpg
8149880996021,8149880996021.jpg
8150612508853,8150612508853.jpg
8150612574389,8150612574389.jpg
8150613229749,8150613229749.jpg
8150613262517,8150613262517.jpg
8150613295285,8150613295285.jpg
8150613328053,8150613328053.jpg
8150613360821,8150613360821.jpg
8150613426357,8150613426357.jpg
8150629384373,8150629384373.jpg
8150629417141,8150629417141.jpg
8150691381429,8150691381429.jpg
8150691545269,8150691545269.jpg
8150691741877,8150691741877.jpg
8150691840181,8150691840181.jpg
8150691971253,8150691971253.jpg
8150692135093,8150692135093.jpg
8152736006325,8152736006325.jpg
8152736104629,8152736104629.jpg
8152736137397,8152736137397.jpg
8152736399541,8152736399541.jpg
8152736661685,8152736661685.jpg
8152737120437,8152737120437.jpg
8152737874101,8152737874101.jpg
8152738463925,8152738463925.jpg
8152739774645,8152739774645.jpg
8152740823221,8152740823221.jpg
8152741871797,8152741871797.jpg
8152742920373,8152742920373.jpg
8152744198325,8152744198325.jpg
8152745410741,8152745410741.jpg
8152746655925,8152746655925.jpg
8152749670581,8152749670581.jpg
8152765956277,8152765956277.jpg
8152770478261,8152770478261.jpg
8152893325493,8152893325493.jpg
8154446659765,8154446659765.jpg
8154447544501,8154447544501.jpg
8154448756917,8154448756917.jpg
8157982064821,8157982064821.jpg
8157982359733,8157982359733.jpg
8157983211701,8157983211701.jpg
8157984063669,8157984063669.jpg
8157984391349,8157984391349.jpg
8157985865909,8157985865909.jpg
8157987176629,8157987176629.jpg
8157987897525,8157987897525.jpg
8157990453429,8157990453429.jpg
8157994746037,8157994746037.jpg
8157995172021,8157995172021.jpg
8157995630773,8157995630773.jpg
8157996220597,8157996220597.jpg
8157996941493,8157996941493.jpg
8157997531317,8157997531317.jpg
8157998416053,8157998416053.jpg
8158000644277,8158000644277.jpg
8158001660085,8158001660085.jpg
8158541217973,8158541217973.jpg
8158554423477,8158554423477.jpg
8161332002997,8161332002997.jpg
8161333182645,8161333182645.jpg
8161334952117,8161334952117.jpg
8161336721589,8161336721589.jpg
8161338851509,8161338851509.jpg
8161342161077,8161342161077.jpg
8161360478389,8161360478389.jpg
8161417363637,8161417363637.jpg
8167416070325,8167416070325.jpg
8167416168629,8167416168629.jpg
8167416594613,8167416594613.jpg
8167416660149,8167416660149.jpg
8167416791221,8167416791221.jpg
8167416987829,8167416987829.jpg
8167417086133,8167417086133.jpg
8167417151669,8167417151669.jpg
8167417807029,8167417807029.jpg
8167425376437,8167425376437.jpg
8168689434805,8168689434805.jpg
8168689729717,8168689729717.jpg
8168690024629,8168690024629.jpg
8168690385077,8168690385077.jpg
8168690679989,8168690679989.jpg
8168753463477,8168753463477.jpg
8168787181749,8168787181749.jpg
8170077782197,8170077782197.jpg
8170077814965,8170077814965.jpg
8172335202485,8172335202485.jpg
8172335268021,8172335268021.jpg
8172335333557,8172335333557.jpg
8172335464629,8172335464629.jpg
8172335530165,8172335530165.jpg
8172335694005,8172335694005.jpg
8172335726773,8172335726773.jpg
8172335857845,8172335857845.jpg
8172335890613,8172335890613.jpg
8172335988917,8172335988917.jpg
8172336054453,8172336054453.jpg
8172336185525,8172336185525.jpg
8172336349365,8172336349365.jpg
8172336611509,8172336611509.jpg
8172336840885,8172336840885.jpg
8172336939189,8172336939189.jpg
8172337103029,8172337103029.jpg
8172337299637,8172337299637.jpg
8172337332405,8172337332405.jpg
8172472631477,8172472631477.jpg
8172472664245,8172472664245.jpg
8172472697013,8172472697013.jpg
8172472762549,8172472762549.jpg
8172472893621,8172472893621.jpg
8172473057461,8172473057461.jpg
8172473122997,8172473122997.jpg
8172473188533,8172473188533.jpg
8172473254069,8172473254069.jpg
8172473286837,8172473286837.jpg
8172473352373,8172473352373.jpg
8172473385141,8172473385141.jpg
8172473417909,8172473417909.jpg
8172473516213,8172473516213.jpg
8172473614517,8172473614517.jpg
8173437321397,8173437321397.jpg
8173437485237,8173437485237.jpg
8173437649077,8173437649077.jpg
8173437911221,8173437911221.jpg
8173438075061,8173438075061.jpg
8173438369973,8173438369973.jpg
8173438763189,8173438763189.jpg
8173438861493,8173438861493.jpg
8173438959797,8173438959797.jpg
8173439090869,8173439090869.jpg
8173439353013,8173439353013.jpg
8173439451317,8173439451317.jpg
8173439582389,8173439582389.jpg
8173439778997,8173439778997.jpg
8173439910069,8173439910069.jpg
8173440139445,8173440139445.jpg
8173440368821,8173440368821.jpg
8173440499893,8173440499893.jpg
8173441843381,8173441843381.jpg
8173441908917,8173441908917.jpg
8173441974453,8173441974453.jpg
8173442072757,8173442072757.jpg
8173442171061,8173442171061.jpg
8173442269365,8173442269365.jpg
8173442367669,8173442367669.jpg
8173442433205,8173442433205.jpg
8173442597045,8173442597045.jpg
8173442728117,8173442728117.jpg
8173442760885,8173442760885.jpg
8173442859189,8173442859189.jpg
8173442924725,8173442924725.jpg
8173442990261,8173442990261.jpg
8173443154101,8173443154101.jpg
8173443285173,8173443285173.jpg
8173443449013,8173443449013.jpg
8173443645621,8173443645621.jpg
8178153226421,8178153226421.jpg
8178153947317,8178153947317.jpg
8178155389109,8178155389109.jpg
8178158010549,8178158010549.jpg
8178158469301,8178158469301.jpg
8178159222965,8178159222965.jpg
8178160337077,8178160337077.jpg
8178162270389,8178162270389.jpg
8178166890677,8178166890677.jpg
8178169217205,8178169217205.jpg
8178179244213,8178179244213.jpg
8178739904693,8178739904693.jpg
8178743607477,8178743607477.jpg
8178744721589,8178744721589.jpg
8178746556597,8178746556597.jpg
8178752422069,8178752422069.jpg
8180046004405,8180046004405.jpg
8182719447221,8182719447221.jpg
8182720233653,8182720233653.jpg
8182739042485,8182739042485.jpg
8184822104245,8184822104245.jpg
8184822464693,8184822464693.jpg
8184822726837,8184822726837.jpg
8184823054517,8184823054517.jpg
8184823382197,8184823382197.jpg
8184823742645,8184823742645.jpg
8184823906485,8184823906485.jpg
8184823939253,8184823939253.jpg
8184824266933,8184824266933.jpg
8184824496309,8184824496309.jpg
8184824692917,8184824692917.jpg
8184824987829,8184824987829.jpg
8186432979125,8186432979125.jpg
8186433044661,8186433044661.jpg
8186433208501,8186433208501.jpg
8186433306805,8186433306805.jpg
8186433765557,8186433765557.jpg
8186434355381,8186434355381.jpg
8186434486453,8186434486453.jpg
8186434945205,8186434945205.jpg
8186435240117,8186435240117.jpg
8186435403957,8186435403957.jpg
8186435567797,8186435567797.jpg
8186435731637,8186435731637.jpg
8186435993781,8186435993781.jpg
8186436157621,8186436157621.jpg
8186436419765,8186436419765.jpg
8186436649141,8186436649141.jpg
8187674394805,8187674394805.jpg
8187675017397,8187675017397.jpg
8187675541685,8187675541685.jpg
8187675934901,8187675934901.jpg
8187676393653,8187676393653.jpg
8187676819637,8187676819637.jpg
8187679178933,8187679178933.jpg
8187679604917,8187679604917.jpg
8187680653493,8187680653493.jpg
8187681734837,8187681734837.jpg
8187682160821,8187682160821.jpg
8187682750645,8187682750645.jpg
8187683143861,8187683143861.jpg
8187683504309,8187683504309.jpg
8187683930293,8187683930293.jpg
8187684290741,8187684290741.jpg
8189470539957,8189470539957.jpg
8189472637109,8189472637109.jpg
8189473358005,8189473358005.jpg
8189473915061,8189473915061.jpg
8189478568117,8189478568117.jpg
8189482107061,8189482107061.jpg
8189488988341,8189488988341.jpg
8189498785973,8189498785973.jpg
8189500293301,8189500293301.jpg
8189521789109,8189521789109.jpg
8189522444469,8189522444469.jpg
8189523296437,8189523296437.jpg
8189524082869,8189524082869.jpg
8193459454133,8193459454133.jpg
8193459486901,8193459486901.jpg
8193459552437,8193459552437.jpg
8193459585205,8193459585205.jpg
8193459650741,8193459650741.jpg
8193459814581,8193459814581.jpg
8193460043957,8193460043957.jpg
8193460076725,8193460076725.jpg
8193460437173,8193460437173.jpg
8193460863157,8193460863157.jpg
8193460994229,8193460994229.jpg
8193461158069,8193461158069.jpg
8193461354677,8193461354677.jpg
8193461485749,8193461485749.jpg
8198253838517,8198253838517.jpg
8198253871285,8198253871285.jpg
8198254756021,8198254756021.jpg
8198254788789,8198254788789.jpg
8198273925301,8198273925301.jpg
8200446738613,8200446738613.jpg
8200446771381,8200446771381.jpg
8200446804149,8200446804149.jpg
8200446836917,8200446836917.jpg
8200446869685,8200446869685.jpg
8200446902453,8200446902453.jpg
8200446935221,8200446935221.jpg
8200446967989,8200446967989.jpg
8200447033525,8200447033525.jpg
8200447131829,8200447131829.jpg
8200447230133,8200447230133.jpg
8200447262901,8200447262901.jpg
8200447361205,8200447361205.jpg
8205165625525,8205165625525.jpg
8205165691061,8205165691061.jpg
8205852770485,8205852770485.jpg
8205852803253,8205852803253.jpg
8205879148725,8205879148725.jpg
8205879181493,8205879181493.jpg
8206625472693,8206625472693.jpg
8206625505461,8206625505461.jpg
8206625570997,8206625570997.jpg
8206625603765,8206625603765.jpg
8206625702069,8206625702069.jpg
8206625734837,8206625734837.jpg
8206625800373,8206625800373.jpg
8206625865909,8206625865909.jpg
8206626193589,8206626193589.jpg
8206626783413,8206626783413.jpg
8206626816181,8206626816181.jpg
8206627012789,8206627012789.jpg
8206627143861,8206627143861.jpg
8206627209397,8206627209397.jpg
8206627274933,8206627274933.jpg
8209441521845,8209441521845.jpg
8209441882293,8209441882293.jpg
8209442242741,8209442242741.jpg
8209442537653,8209442537653.jpg
8209442963637,8209442963637.jpg
8209443324085,8209443324085.jpg
8209443913909,8209443913909.jpg
8209444405429,8209444405429.jpg
8209444798645,8209444798645.jpg
8209445257397,8209445257397.jpg
8209445585077,8209445585077.jpg
8209445847221,8209445847221.jpg
8209446240437,8209446240437.jpg
8209446535349,8209446535349.jpg
8209446699189,8209446699189.jpg
8210336972981,8210336972981.jpg
8210337398965,8210337398965.jpg
8210337693877,8210337693877.jpg
8210338021557,8210338021557.jpg
8210338676917,8210338676917.jpg
8210339430581,8210339430581.jpg
8210339987637,8210339987637.jpg
8210340610229,8210340610229.jpg
8210341167285,8210341167285.jpg
8210341691573,8210341691573.jpg
8210342412469,8210342412469.jpg
8210343198901,8210343198901.jpg
8210343690421,8210343690421.jpg
8210344214709,8210344214709.jpg
8210344542389,8210344542389.jpg
8210344771765,8210344771765.jpg
8210345525429,8210345525429.jpg
8210346672309,8210346672309.jpg
8210346967221,8210346967221.jpg
8210347327669,8210347327669.jpg
8213898723509,8213898723509.jpg
8213914058933,8213914058933.jpg
8213917925557,8213917925557.jpg
8213920612533,8213920612533.jpg
8213922349237,8213922349237.jpg
8213925822645,8213925822645.jpg
8213928280245,8213928280245.jpg
8213931458741,8213931458741.jpg
8213932671157,8213932671157.jpg
8213940371637,8213940371637.jpg
8213941977269,8213941977269.jpg
8213943582901,8213943582901.jpg
8213945122997,8213945122997.jpg
8219720286389,8219720286389.jpg
8219723792565,8219723792565.jpg
8219728380085,8219728380085.jpg
8219731296437,8219731296437.jpg
8219736146101,8219736146101.jpg
8220919234741,8220919234741.jpg
8220921135285,8220921135285.jpg
8220922871989,8220922871989.jpg
8220925001909,8220925001909.jpg
8220927099061,8220927099061.jpg
8220933193909,8220933193909.jpg
8223343280309,8223343280309.jpg
8223343902901,8223343902901.jpg
8223344132277,8223344132277.jpg
8223344263349,8223344263349.jpg
8223344394421,8223344394421.jpg
8223344623797,8223344623797.jpg
8223344984245,8223344984245.jpg
8223345344693,8223345344693.jpg
8223345574069,8223345574069.jpg
8223345803445,8223345803445.jpg
8223346032821,8223346032821.jpg
8223346327733,8223346327733.jpg
8223346688181,8223346688181.jpg
8225434370229,8225434370229.jpg
8225434402997,8225434402997.jpg
8225434435765,8225434435765.jpg
8225434468533,8225434468533.jpg
8225434501301,8225434501301.jpg
8225434534069,8225434534069.jpg
8225434566837,8225434566837.jpg
8225479131317,8225479131317.jpg
8225479196853,8225479196853.jpg
8225479229621,8225479229621.jpg
8225479295157,8225479295157.jpg
8225479524533,8225479524533.jpg
8225479655605,8225479655605.jpg
8225479753909,8225479753909.jpg
8225479786677,8225479786677.jpg
8225479983285,8225479983285.jpg
8225480048821,8225480048821.jpg
8225480343733,8225480343733.jpg
8225480507573,8225480507573.jpg
8225480605877,8225480605877.jpg
8225480736949,8225480736949.jpg
8228235968693,8228235968693.jpg
8228236099765,8228236099765.jpg
8228236263605,8228236263605.jpg
8228236329141,8228236329141.jpg
8228483563701,8228483563701.jpg
8228485431477,8228485431477.jpg
8228486447285,8228486447285.jpg
8228487659701,8228487659701.jpg
8228488741045,8228488741045.jpg
8228489560245,8228489560245.jpg
8228490543285,8228490543285.jpg
8228491395253,8228491395253.jpg
8228492181685,8228492181685.jpg
8228494246069,8228494246069.jpg
8228494999733,8228494999733.jpg
8228495818933,8228495818933.jpg
8228496867509,8228496867509.jpg
8228556898485,8228556898485.jpg
8228557652149,8228557652149.jpg
8228558373045,8228558373045.jpg
8228559323317,8228559323317.jpg
8228560994485,8228560994485.jpg
8228561780917,8228561780917.jpg
8228562567349,8228562567349.jpg
8228563419317,8228563419317.jpg
8228564467893,8228564467893.jpg
8228565450933,8228565450933.jpg
8228566237365,8228566237365.jpg
8228567023797,8228567023797.jpg
8228567908533,8228567908533.jpg
8228568563893,8228568563893.jpg
8228569153717,8228569153717.jpg
8228569940149,8228569940149.jpg
8238456537269,8238456537269.jpg
8238456570037,8238456570037.jpg
8238456701109,8238456701109.jpg
8238456897717,8238456897717.jpg
8238457782453,8238457782453.jpg
8242822643893,8242822643893.jpg
8242822709429,8242822709429.jpg
8242843549877,8242843549877.jpg
8242843582645,8242843582645.jpg
8242843615413,8242843615413.jpg
8242843648181,8242843648181.jpg
8242844008629,8242844008629.jpg
8242844041397,8242844041397.jpg
8242844106933,8242844106933.jpg
8243552485557,8243552485557.jpg
8243554058421,8243554058421.jpg
8243555369141,8243555369141.jpg
8243557269685,8243557269685.jpg
8243564118197,8243564118197.jpg
8243566182581,8243566182581.jpg
8243566739637,8243566739637.jpg
8243567755445,8243567755445.jpg
8243568148661,8243568148661.jpg
8243571425461,8243571425461.jpg
8243609796789,8243609796789.jpg
8243610091701,8243610091701.jpg
8243619987637,8243619987637.jpg
8243620937909,8243620937909.jpg
8243621724341,8243621724341.jpg
8243622478005,8243622478005.jpg
8243624411317,8243624411317.jpg
8243624968373,8243624968373.jpg
8243625820341,8243625820341.jpg
8243626803381,8243626803381.jpg
8243629129909,8243629129909.jpg
8243629981877,8243629981877.jpg
8243632111797,8243632111797.jpg
8243633324213,8243633324213.jpg
8255487869109,8255487869109.jpg
8255487901877,8255487901877.jpg
8255487967413,8255487967413.jpg
8255488000181,8255488000181.jpg
8255488032949,8255488032949.jpg
8255488065717,8255488065717.jpg
8257124696245,8257124696245.jpg
8257132396725,8257132396725.jpg
8257149042869,8257149042869.jpg
8257156710581,8257156710581.jpg
8257170636981,8257170636981.jpg
8257180565685,8257180565685.jpg
8257189281973,8257189281973.jpg
8257200488629,8257200488629.jpg
8257294500021,8257294500021.jpg
8257307836597,8257307836597.jpg
8257310621877,8257310621877.jpg
8257311408309,8257311408309.jpg
8257315307701,8257315307701.jpg
8257316683957,8257316683957.jpg
8257317634229,8257317634229.jpg
8257839333557,8257839333557.jpg
8258231697589,8258231697589.jpg
8258231763125,8258231763125.jpg
8258231795893,8258231795893.jpg
8258231828661,8258231828661.jpg
8258231861429,8258231861429.jpg
8258231894197,8258231894197.jpg
8258232254645,8258232254645.jpg
8258243133621,8258243133621.jpg
8258243362997,8258243362997.jpg
8258267644085,8258267644085.jpg
8258267676853,8258267676853.jpg
8258267709621,8258267709621.jpg
8258270265525,8258270265525.jpg
8258270298293,8258270298293.jpg
8259780968629,8259780968629.jpg
8259781034165,8259781034165.jpg
8259781066933,8259781066933.jpg
10167609262261,10167609262261.jpg
10170323435701,10170323435701.jpg
10170323632309,10170323632309.jpg
10170323730613,10170323730613.jpg
10170323861685,10170323861685.jpg
10170323992757,10170323992757.jpg
10170324091061,10170324091061.jpg
10170324156597,10170324156597.jpg
10170324222133,10170324222133.jpg
10170324254901,10170324254901.jpg
10170324385973,10170324385973.jpg
10170324549813,10170324549813.jpg
10170324648117,10170324648117.jpg
10170324713653,10170324713653.jpg
10170324811957,10170324811957.jpg
10170324877493,10170324877493.jpg
10170324943029,10170324943029.jpg
10170325008565,10170325008565.jpg
10170325041333,10170325041333.jpg
10170325106869,10170325106869.jpg
10176782926005,10176782926005.jpg
10176783057077,10176783057077.jpg
10176783122613,10176783122613.jpg
10176783155381,10176783155381.jpg
10176783188149,10176783188149.jpg
10176783220917,10176783220917.jpg
10176783319221,10176783319221.jpg
10176783384757,10176783384757.jpg
10176783417525,10176783417525.jpg
10176783450293,10176783450293.jpg
10176783483061,10176783483061.jpg
10176783548597,10176783548597.jpg
10177260224693,10177260224693.jpg
10177260257461,10177260257461.jpg
10177260290229,10177260290229.jpg
10177260388533,10177260388533.jpg
10177260421301,10177260421301.jpg
10178858057909,10178858057909.jpg
10178858746037,10178858746037.jpg
10178858942645,10178858942645.jpg
10178859106485,10178859106485.jpg
10178859303093,10178859303093.jpg
10178859335861,10178859335861.jpg
10178859368629,10178859368629.jpg
10178859401397,10178859401397.jpg
10178859499701,10178859499701.jpg
10178859532469,10178859532469.jpg
10178859598005,10178859598005.jpg
10178859696309,10178859696309.jpg
10178859761845,10178859761845.jpg
10178859860149,10178859860149.jpg
10178859892917,10178859892917.jpg
10178859925685,10178859925685.jpg
10178859991221,10178859991221.jpg
10178860056757,10178860056757.jpg
10178860122293,10178860122293.jpg
10181583765685,10181583765685.jpg
10181590122677,10181590122677.jpg
10181610176693,10181610176693.jpg
10181610766517,10181610766517.jpg
10181620924597,10181620924597.jpg
10181627707573,10181627707573.jpg
10181632655541,10181632655541.jpg
10181645795509,10181645795509.jpg
10181647761589,10181647761589.jpg
10181652086965,10181652086965.jpg
10181657821365,10181657821365.jpg
10181661098165,10181661098165.jpg
10181667979445,10181667979445.jpg
10181736726709,10181736726709.jpg
10181752488117,10181752488117.jpg
10181758746805,10181758746805.jpg
10181762711733,10181762711733.jpg
10181764841653,10181764841653.jpg
10181767758005,10181767758005.jpg
10181792989365,10181792989365.jpg
10181793022133,10181793022133.jpg
10181793087669,10181793087669.jpg
10181793120437,10181793120437.jpg
10181793153205,10181793153205.jpg
10181793218741,10181793218741.jpg
10181793349813,10181793349813.jpg
10181793415349,10181793415349.jpg
10181793448117,10181793448117.jpg
10181793480885,10181793480885.jpg
10181793513653,10181793513653.jpg
10181793546421,10181793546421.jpg
10181793677493,10181793677493.jpg
10181793808565,10181793808565.jpg
10181793841333,10181793841333.jpg
10181795643573,10181795643573.jpg
10181796462773,10181796462773.jpg
10181796528309,10181796528309.jpg
10181796593845,10181796593845.jpg
10181796659381,10181796659381.jpg
10181797052597,10181797052597.jpg
10181797413045,10181797413045.jpg
10181797576885,10181797576885.jpg
10181797740725,10181797740725.jpg
10181798985909,10181798985909.jpg
10184367177909,10184367177909.jpg
10184381956277,10184381956277.jpg
10184382021813,10184382021813.jpg
10184382087349,10184382087349.jpg
10184382120117,10184382120117.jpg
10184382709941,10184382709941.jpg
10184382742709,10184382742709.jpg
10184382775477,10184382775477.jpg
10184383037621,10184383037621.jpg
10184383070389,10184383070389.jpg
10184383168693,10184383168693.jpg
10184383234229,10184383234229.jpg
10184383529141,10184383529141.jpg
10184383561909,10184383561909.jpg
10184383594677,10184383594677.jpg
10184383692981,10184383692981.jpg
10184383725749,10184383725749.jpg
10185205907637,10185205907637.jpg
10185206005941,10185206005941.jpg
10185952100533,10185952100533.jpg
10185952133301,10185952133301.jpg
10185952559285,10185952559285.jpg
10185952624821,10185952624821.jpg
10186034643125,10186034643125.jpg
10186035003573,10186035003573.jpg
10186035232949,10186035232949.jpg
10186035527861,10186035527861.jpg
10186036150453,10186036150453.jpg
10186036478133,10186036478133.jpg
10186038116533,10186038116533.jpg
10186038378677,10186038378677.jpg
10186038476981,10186038476981.jpg
10186038706357,10186038706357.jpg
10186733519029,10186733519029.jpg
10186733781173,10186733781173.jpg
10186733846709,10186733846709.jpg
10186733945013,10186733945013.jpg
10186733977781,10186733977781.jpg
10186734043317,10186734043317.jpg
10186734141621,10186734141621.jpg
10186734338229,10186734338229.jpg
10186734370997,10186734370997.jpg
10186734600373,10186734600373.jpg
10186734895285,10186734895285.jpg
10186734993589,10186734993589.jpg
10186735059125,10186735059125.jpg
10186735091893,10186735091893.jpg
10186749051061,10186749051061.jpg
10186749083829,10186749083829.jpg
10186757734581,10186757734581.jpg
10186853646517,10186853646517.jpg
10187427086517,10187427086517.jpg
10189751353525,10189751353525.jpg
10189751386293,10189751386293.jpg
10189751419061,10189751419061.jpg
10189753319605,10189753319605.jpg
10189753352373,10189753352373.jpg
10189753385141,10189753385141.jpg
10189753417909,10189753417909.jpg
10189753450677,10189753450677.jpg
10189753483445,10189753483445.jpg
10189753548981,10189753548981.jpg
10189753581749,10189753581749.jpg
10189753614517,10189753614517.jpg
10189753647285,10189753647285.jpg
10189753680053,10189753680053.jpg
10189753712821,10189753712821.jpg
10189823344821,10189823344821.jpg
10189823377589,10189823377589.jpg
10192051241141,10192051241141.jpg
10192051732661,10192051732661.jpg
10192052093109,10192052093109.jpg
10192053731509,10192053731509.jpg
10192054517941,10192054517941.jpg
10192056254645,10192056254645.jpg
10192056352949,10192056352949.jpg
10192056385717,10192056385717.jpg
10192056418485,10192056418485.jpg
10192056484021,10192056484021.jpg
10192056549557,10192056549557.jpg
10192057565365,10192057565365.jpg
10192057663669,10192057663669.jpg
10192057696437,10192057696437.jpg
10192057729205,10192057729205.jpg
10192057794741,10192057794741.jpg
10192057860277,10192057860277.jpg
10192059236533,10192059236533.jpg
10192059269301,10192059269301.jpg
10192059367605,10192059367605.jpg
10192059400373,10192059400373.jpg
10192060350645,10192060350645.jpg
10192063168693,10192063168693.jpg
10192064118965,10192064118965.jpg
10192064577717,10192064577717.jpg
10192065134773,10192065134773.jpg
10192065396917,10192065396917.jpg
10192065822901,10192065822901.jpg
10192066052277,10192066052277.jpg
10192066412725,10192066412725.jpg
10192066674869,10192066674869.jpg
10192066937013,10192066937013.jpg
10192067199157,10192067199157.jpg
10192067756213,10192067756213.jpg
10192068018357,10192068018357.jpg
10192068280501,10192068280501.jpg
10192068542645,10192068542645.jpg
10192068837557,10192068837557.jpg
10192069034165,10192069034165.jpg
10194348605621,10194348605621.jpg
10199014113461,10199014113461.jpg
10199014539445,10199014539445.jpg
10199014670517,10199014670517.jpg
10199014768821,10199014768821.jpg
10199014932661,10199014932661.jpg
10199015030965,10199015030965.jpg
10199015260341,10199015260341.jpg
10199015489717,10199015489717.jpg
10199015784629,10199015784629.jpg
10199015915701,10199015915701.jpg
10199016177845,10199016177845.jpg
10199016308917,10199016308917.jpg
10199016472757,10199016472757.jpg
10199016571061,10199016571061.jpg
10199016669365,10199016669365.jpg
10199016734901,10199016734901.jpg
10199016865973,10199016865973.jpg
10199023747253,10199023747253.jpg
10199024009397,10199024009397.jpg
10199024140469,10199024140469.jpg
10199024304309,10199024304309.jpg
10199024435381,10199024435381.jpg
10199024599221,10199024599221.jpg
10199024730293,10199024730293.jpg
10199024795829,10199024795829.jpg
10199024894133,10199024894133.jpg
10199025025205,10199025025205.jpg
10199025156277,10199025156277.jpg
10199025320117,10199025320117.jpg
10199025483957,10199025483957.jpg
10199025582261,10199025582261.jpg
10199025713333,10199025713333.jpg
10199025811637,10199025811637.jpg
10199025909941,10199025909941.jpg
10199764467893,10199764467893.jpg
10199780327605,10199780327605.jpg
10202297827509,10202297827509.jpg
10202305888437,10202305888437.jpg
10202306609333,10202306609333.jpg
10202308280501,10202308280501.jpg
10202314997941,10202314997941.jpg
10202316669109,10202316669109.jpg
10202317193397,10202317193397.jpg
10202319159477,10202319159477.jpg
10202319847605,10202319847605.jpg
10202321584309,10202321584309.jpg
10202324009141,10202324009141.jpg
10202325483701,10202325483701.jpg
10202333020341,10202333020341.jpg
10206378524853,10206378524853.jpg
10214587662517,10214587662517.jpg
10214587728053,10214587728053.jpg
10214587859125,10214587859125.jpg
10214588055733,10214588055733.jpg
10214588285109,10214588285109.jpg
10214588383413,10214588383413.jpg
10214588547253,10214588547253.jpg
10214588678325,10214588678325.jpg
10214588842165,10214588842165.jpg
10214589038773,10214589038773.jpg
10214589235381,10214589235381.jpg
10214589366453,10214589366453.jpg
10214589497525,10214589497525.jpg
10214589661365,10214589661365.jpg
10214589825205,10214589825205.jpg
10214589923509,10214589923509.jpg
10218212884661,10218212884661.jpg
10218212917429,10218212917429.jpg
10218212950197,10218212950197.jpg
10218213015733,10218213015733.jpg
10218213081269,10218213081269.jpg
10218213114037,10218213114037.jpg
10218213277877,10218213277877.jpg
10218213408949,10218213408949.jpg
10218213441717,10218213441717.jpg
10218213507253,10218213507253.jpg
10218213540021,10218213540021.jpg
10218213572789,10218213572789.jpg
10218213638325,10218213638325.jpg
10218213703861,10218213703861.jpg
10218217111733,10218217111733.jpg
10218255188149,10218255188149.jpg
10218255777973,10218255777973.jpg
10218256203957,10218256203957.jpg
10218256695477,10218256695477.jpg
10218257219765,10218257219765.jpg
10218257744053,10218257744053.jpg
10218258202805,10218258202805.jpg
10218258727093,10218258727093.jpg
10218259251381,10218259251381.jpg
10218259841205,10218259841205.jpg
10218260463797,10218260463797.jpg
10218261020853,10218261020853.jpg
10218261610677,10218261610677.jpg
10218262036661,10218262036661.jpg
10218939416757,10218939416757.jpg
10218939449525,10218939449525.jpg
10218939515061,10218939515061.jpg
10218939547829,10218939547829.jpg
10218939744437,10218939744437.jpg
10218939842741,10218939842741.jpg
10218940235957,10218940235957.jpg
10218940334261,10218940334261.jpg
10218940465333,10218940465333.jpg
10218940563637,10218940563637.jpg
10218940629173,10218940629173.jpg
10218940661941,10218940661941.jpg
10218940727477,10218940727477.jpg
10218940760245,10218940760245.jpg
10218940858549,10218940858549.jpg
10218940956853,10218940956853.jpg
10218941022389,10218941022389.jpg
10218941087925,10218941087925.jpg
10218941120693,10218941120693.jpg
10218941153461,10218941153461.jpg
10218941186229,10218941186229.jpg
10218941218997,10218941218997.jpg
10218941284533,10218941284533.jpg
10218941350069,10218941350069.jpg
10218941415605,10218941415605.jpg
10218941481141,10218941481141.jpg
10218941546677,10218941546677.jpg
10218941710517,10218941710517.jpg
10218941808821,10218941808821.jpg
10218941874357,10218941874357.jpg
10218942005429,10218942005429.jpg
10218942202037,10218942202037.jpg
10218942234805,10218942234805.jpg
10218944856245,10218944856245.jpg
10218944889013,10218944889013.jpg
10219018420405,10219018420405.jpg
10233868550325,10233868550325.jpg
10233874251957,10233874251957.jpg
10233884016821,10233884016821.jpg
10233888080053,10233888080053.jpg
10233890635957,10233890635957.jpg
10233892143285,10233892143285.jpg
10233894371509,10233894371509.jpg
10233896403125,10233896403125.jpg
10233897943221,10233897943221.jpg
10233898860725,10233898860725.jpg
10233899450549,10233899450549.jpg
10233899909301,10233899909301.jpg
10233900269749,10233900269749.jpg
10233901646005,10233901646005.jpg
10233904922805,10233904922805.jpg
10233906921653,10233906921653.jpg
10233937264821,10233937264821.jpg
10233940869301,10233940869301.jpg
10233942147253,10233942147253.jpg
10233942933685,10233942933685.jpg
10233943720117,10233943720117.jpg
10233985401013,10233985401013.jpg
10233986121909,10233986121909.jpg
10233990742197,10233990742197.jpg
10233994805429,10233994805429.jpg
10233996869813,10233996869813.jpg
10234003587253,10234003587253.jpg
10236868165813,10236868165813.jpg
10236868755637,10236868755637.jpg
10236869935285,10236869935285.jpg
10236871114933,10236871114933.jpg
10236873375925,10236873375925.jpg
10236874293429,10236874293429.jpg
10236875178165,10236875178165.jpg
10236912828597,10236912828597.jpg
10236913090741,10236913090741.jpg
10236913287349,10236913287349.jpg
10236913615029,10236913615029.jpg
10236919611573,10236919611573.jpg
10238952833205,10238952833205.jpg
10238953193653,10238953193653.jpg
10238953816245,10238953816245.jpg
10238959124661,10238959124661.jpg
10238959616181,10238959616181.jpg
10238960206005,10238960206005.jpg
10238962073781,10238962073781.jpg
10238966300853,10238966300853.jpg
10238967939253,10238967939253.jpg
10238969184437,10238969184437.jpg
10238976360629,10238976360629.jpg
10238976655541,10238976655541.jpg
10238977048757,10238977048757.jpg
10238983176373,10238983176373.jpg
10238983569589,10238983569589.jpg
10238983897269,10238983897269.jpg
10238984388789,10238984388789.jpg
10238997561525,10238997561525.jpg
10238999625909,10238999625909.jpg
10239001067701,10239001067701.jpg
10239001788597,10239001788597.jpg
10239002280117,10239002280117.jpg
10239002706101,10239002706101.jpg
10239003197621,10239003197621.jpg
10239003459765,10239003459765.jpg
10239009226933,10239009226933.jpg
10239009456309,10239009456309.jpg
10239029870773,10239029870773.jpg
10239031738549,10239031738549.jpg
10239032361141,10239032361141.jpg
10239034261685,10239034261685.jpg
10239035834549,10239035834549.jpg
10239036752053,10239036752053.jpg
10239037341877,10239037341877.jpg
10239037964469,10239037964469.jpg
10240842662069,10240842662069.jpg
10240843251893,10240843251893.jpg
10240843743413,10240843743413.jpg
10240844038325,10240844038325.jpg
10240844398773,10240844398773.jpg
10240844595381,10240844595381.jpg
10240844791989,10240844791989.jpg
10240845185205,10240845185205.jpg
10240845480117,10240845480117.jpg
10240845775029,10240845775029.jpg
10240846069941,10240846069941.jpg
10240846430389,10240846430389.jpg
10240846659765,10240846659765.jpg
10240846954677,10240846954677.jpg
10240847184053,10240847184053.jpg
10240847511733,10240847511733.jpg
10240985759925,10240985759925.jpg
10240986054837,10240986054837.jpg
10240986251445,10240986251445.jpg
10240986742965,10240986742965.jpg
10240987005109,10240987005109.jpg
10240987136181,10240987136181.jpg
10240987365557,10240987365557.jpg
10240987627701,10240987627701.jpg
10240987824309,10240987824309.jpg
10240988086453,10240988086453.jpg
10240988348597,10240988348597.jpg
10240988446901,10240988446901.jpg
10240988643509,10240988643509.jpg
10240988872885,10240988872885.jpg
10240989102261,10240989102261.jpg
10240989364405,10240989364405.jpg
10240989528245,10240989528245.jpg
10240989659317,10240989659317.jpg
10240990052533,10240990052533.jpg
10240990281909,10240990281909.jpg
10240990380213,10240990380213.jpg
10240990675125,10240990675125.jpg
10240990838965,10240990838965.jpg
10240990937269,10240990937269.jpg
10240991035573,10240991035573.jpg
10240991232181,10240991232181.jpg
10240991527093,10240991527093.jpg
10240991690933,10240991690933.jpg
10240991789237,10240991789237.jpg
10240991985845,10240991985845.jpg
10240992149685,10240992149685.jpg
10240992346293,10240992346293.jpg
10240993099957,10240993099957.jpg
10240993394869,10240993394869.jpg
10240994017461,10240994017461.jpg
10240994541749,10240994541749.jpg
10240994934965,10240994934965.jpg
10240995426485,10240995426485.jpg
10240995918005,10240995918005.jpg
10240996376757,10240996376757.jpg
10240997261493,10240997261493.jpg
10240997982389,10240997982389.jpg
10240999456949,10240999456949.jpg
10241000439989,10241000439989.jpg
10241001488565,10241001488565.jpg
10241002832053,10241002832053.jpg
10241003978933,10241003978933.jpg
10241005617333,10241005617333.jpg
10241006993589,10241006993589.jpg
10241007517877,10241007517877.jpg
10241008468149,10241008468149.jpg
10241009451189,10241009451189.jpg
10241010761909,10241010761909.jpg
10241017479349,10241017479349.jpg
10241018593461,10241018593461.jpg
10241019478197,10241019478197.jpg
10241020395701,10241020395701.jpg
10241020559541,10241020559541.jpg
10241020788917,10241020788917.jpg
10241021051061,10241021051061.jpg
10241021214901,10241021214901.jpg
10241021411509,10241021411509.jpg
10241021673653,10241021673653.jpg
10241021804725,10241021804725.jpg
10241089405109,10241089405109.jpg
10241091993781,10241091993781.jpg
10241095762101,10241095762101.jpg
10241099890869,10241099890869.jpg
10241106673845,10241106673845.jpg
10241111031989,10241111031989.jpg
10241115685045,10241115685045.jpg
10241120927925,10241120927925.jpg
10243785294005,10243785294005.jpg
10243786637493,10243786637493.jpg
10243791159477,10243791159477.jpg
10245256183989,10245256183989.jpg
10245256282293,10245256282293.jpg
10245256970421,10245256970421.jpg
10245257199797,10245257199797.jpg
10245258707125,10245258707125.jpg
10245267980469,10245267980469.jpg
10245268340917,10245268340917.jpg
10245269192885,10245269192885.jpg
10245269553333,10245269553333.jpg
10245269782709,10245269782709.jpg
10249061630133,10249061630133.jpg
10250817929397,10250817929397.jpg
10250817994933,10250817994933.jpg
10250818027701,10250818027701.jpg
10250818060469,10250818060469.jpg
10250818126005,10250818126005.jpg
10258041733301,10258041733301.jpg
10258043273397,10258043273397.jpg
10258044059829,10258044059829.jpg
10258045272245,10258045272245.jpg
10258047926453,10258047926453.jpg
10258060673205,10258060673205.jpg
10258072436917,10258072436917.jpg
10258075484341,10258075484341.jpg
10266161447093,10266161447093.jpg
10266161938613,10266161938613.jpg
10266167148725,10266167148725.jpg
10266170622133,10266170622133.jpg
10266171441333,10266171441333.jpg
10266173997237,10266173997237.jpg
10266177700021,10266177700021.jpg
10266179666101,10266179666101.jpg
10266180812981,10266180812981.jpg
10266183499957,10266183499957.jpg
10266184679605,10266184679605.jpg
10269209362613,10269209362613.jpg
10269210542261,10269210542261.jpg
10269218177205,10269218177205.jpg
10269230694581,10269230694581.jpg
10269232857269,10269232857269.jpg
10269235806389,10269235806389.jpg
10272764526773,10272764526773.jpg
10272771080373,10272771080373.jpg
10272773374133,10272773374133.jpg
10272856342709,10272856342709.jpg
10272874004661,10272874004661.jpg
10273026441397,10273026441397.jpg
10273026965685,10273026965685.jpg
10273028964533,10273028964533.jpg
10273029357749,10273029357749.jpg
10273365622965,10273365622965.jpg
10273365655733,10273365655733.jpg
10273365852341,10273365852341.jpg
10273365950645,10273365950645.jpg
10273366081717,10273366081717.jpg
10273366114485,10273366114485.jpg
10273726202037,10273726202037.jpg
10273726234805,10273726234805.jpg
10273726267573,10273726267573.jpg
10273726300341,10273726300341.jpg
10273726333109,10273726333109.jpg
10273726464181,10273726464181.jpg
10273726496949,10273726496949.jpg
10273726562485,10273726562485.jpg
10276880285877,10276880285877.jpg
10277175361717,10277175361717.jpg
10277176967349,10277176967349.jpg
10277178179765,10277178179765.jpg
10277179293877,10277179293877.jpg
10277180375221,10277180375221.jpg
10277181620405,10277181620405.jpg
10277182898357,10277182898357.jpg
10277184176309,10277184176309.jpg
10277185257653,10277185257653.jpg
10277186470069,10277186470069.jpg
10277187780789,10277187780789.jpg
10277189255349,10277189255349.jpg
10277190566069,10277190566069.jpg
10278257590453,10278257590453.jpg
10278257819829,10278257819829.jpg
10278296322229,10278296322229.jpg
10278315491509,10278315491509.jpg
10278324601013,10278324601013.jpg
10278337151157,10278337151157.jpg
10278339903669,10278339903669.jpg
10278341083317,10278341083317.jpg
10278341640373,10278341640373.jpg
10278341705909,10278341705909.jpg
10279305773237,10279305773237.jpg
10279305937077,10279305937077.jpg
10279306068149,10279306068149.jpg
10279306133685,10279306133685.jpg
10279306264757,10279306264757.jpg
10279306330293,10279306330293.jpg
10279306363061,10279306363061.jpg
10279306428597,10279306428597.jpg
10279306494133,10279306494133.jpg
10279306756277,10279306756277.jpg
10279306789045,10279306789045.jpg
10279306920117,10279306920117.jpg
10279307051189,10279307051189.jpg
10279307116725,10279307116725.jpg
10279307182261,10279307182261.jpg
10279312720053,10279312720053.jpg
10279312785589,10279312785589.jpg
10279838318773,10279838318773.jpg
10280505999541,10280505999541.jpg
10287020638389,10287020638389.jpg
10287020671157,10287020671157.jpg
10287020769461,10287020769461.jpg
10287020802229,10287020802229.jpg
10287020998837,10287020998837.jpg
10287021031605,10287021031605.jpg
10288349479093,10288349479093.jpg
10288349511861,10288349511861.jpg
10288349544629,10288349544629.jpg
10288350003381,10288350003381.jpg
10288350036149,10288350036149.jpg
10288350101685,10288350101685.jpg
10296509792437,10296509792437.jpg
10296509825205,10296509825205.jpg
10296522113205,10296522113205.jpg
10296522539189,10296522539189.jpg
10296522571957,10296522571957.jpg
10296522604725,10296522604725.jpg
10296522703029,10296522703029.jpg
10296522801333,10296522801333.jpg
10296522834101,10296522834101.jpg
10296522866869,10296522866869.jpg
10296522899637,10296522899637.jpg
10296522965173,10296522965173.jpg
10296523030709,10296523030709.jpg
10296523620533,10296523620533.jpg
10296524308661,10296524308661.jpg
10296525095093,10296525095093.jpg
10296525881525,10296525881525.jpg
10296526733493,10296526733493.jpg
10296527683765,10296527683765.jpg
10296885444789,10296885444789.jpg
10296891998389,10296891998389.jpg
10296893931701,10296893931701.jpg
10296896258229,10296896258229.jpg
10296897568949,10296897568949.jpg
10296903762101,10296903762101.jpg
10296906547381,10296906547381.jpg
10296909070517,10296909070517.jpg
10296933122229,10296933122229.jpg
10296934826165,10296934826165.jpg
10296937545909,10296937545909.jpg
10296944820405,10296944820405.jpg
10296947933365,10296947933365.jpg
10300967387317,10300967387317.jpg
10300967420085,10300967420085.jpg
10300967649461,10300967649461.jpg
10300967682229,10300967682229.jpg
10300967780533,10300967780533.jpg
10300967846069,10300967846069.jpg
10300967911605,10300967911605.jpg
10300967977141,10300967977141.jpg
10301824565429,10301824565429.jpg
10301824663733,10301824663733.jpg
10301824696501,10301824696501.jpg
10301824762037,10301824762037.jpg
10301845799093,10301845799093.jpg
10301846323381,10301846323381.jpg
10301855039669,10301855039669.jpg
10302420615349,10302420615349.jpg
10302421893301,10302421893301.jpg
10302424023221,10302424023221.jpg
10302424219829,10302424219829.jpg
10302424350901,10302424350901.jpg
10302424481973,10302424481973.jpg
10302424580277,10302424580277.jpg
10302424678581,10302424678581.jpg
10302424907957,10302424907957.jpg
10302425497781,10302425497781.jpg
10302426218677,10302426218677.jpg
10302476419253,10302476419253.jpg
10304899154101,10304899154101.jpg
10304899186869,10304899186869.jpg
10304948207797,10304948207797.jpg
10306014019765,10306014019765.jpg
10306014281909,10306014281909.jpg
10306014576821,10306014576821.jpg
10306015658165,10306015658165.jpg
10306016084149,10306016084149.jpg
10306016280757,10306016280757.jpg
10306016444597,10306016444597.jpg
10306017198261,10306017198261.jpg
10306017853621,10306017853621.jpg
10306018279605,10306018279605.jpg
10306020049077,10306020049077.jpg
10306020212917,10306020212917.jpg
10306020671669,10306020671669.jpg
10307348660405,10307348660405.jpg
10307349086389,10307349086389.jpg
10307352166581,10307352166581.jpg
10307358228661,10307358228661.jpg
10307363602613,10307363602613.jpg
10307364094133,10307364094133.jpg
10309280071861,10309280071861.jpg
10309280104629,10309280104629.jpg
10309280137397,10309280137397.jpg
10309280170165,10309280170165.jpg
10312563458229,10312563458229.jpg
10312564474037,10312564474037.jpg
10312565227701,10312565227701.jpg
10312565817525,10312565817525.jpg
10312566702261,10312566702261.jpg
10312567390389,10312567390389.jpg
10312568078517,10312568078517.jpg
10312568635573,10312568635573.jpg
10312569323701,10312569323701.jpg
10312569913525,10312569913525.jpg
10312570503349,10312570503349.jpg
10312571584693,10312571584693.jpg
10312572764341,10312572764341.jpg
10312573911221,10312573911221.jpg
10312574992565,10312574992565.jpg
10312576172213,10312576172213.jpg
10312577515701,10312577515701.jpg
10312578859189,10312578859189.jpg
10312592556213,10312592556213.jpg
10312593539253,10312593539253.jpg
10312594096309,10312594096309.jpg
10312594784437,10312594784437.jpg
10312595210421,10312595210421.jpg
10312595407029,10312595407029.jpg
10312595964085,10312595964085.jpg
10312596521141,10312596521141.jpg
10312597307573,10312597307573.jpg
10312598094005,10312598094005.jpg
10312598847669,10312598847669.jpg
10312599470261,10312599470261.jpg
10312600092853,10312600092853.jpg
10312600715445,10312600715445.jpg
10312601469109,10312601469109.jpg
10312603631797,10312603631797.jpg
10312604156085,10312604156085.jpg
10312609431733,10312609431733.jpg
10312619688117,10312619688117.jpg
10312623816885,10312623816885.jpg
10312640659637,10312640659637.jpg
10312643739829,10312643739829.jpg
10312678277301,10312678277301.jpg
10312681586869,10312681586869.jpg
10312686338229,10312686338229.jpg
10312692433077,10312692433077.jpg
10312695677109,10312695677109.jpg
10312699510965,10312699510965.jpg
10312702034101,10312702034101.jpg
10312704786613,10312704786613.jpg
10312706719925,10312706719925.jpg
10316339740853,10316339740853.jpg
10316339937461,10316339937461.jpg
10316340002997,10316340002997.jpg
10316340035765,10316340035765.jpg
10316340232373,10316340232373.jpg
10316340363445,10316340363445.jpg
10316340461749,10316340461749.jpg
10316340494517,10316340494517.jpg
10316340560053,10316340560053.jpg
10316340625589,10316340625589.jpg
10316341379253,10316341379253.jpg
10316341412021,10316341412021.jpg
10316341444789,10316341444789.jpg
10316341510325,10316341510325.jpg
10316341641397,10316341641397.jpg
10328315855029,10328315855029.jpg
10328318509237,10328318509237.jpg
10328319492277,10328319492277.jpg
10328319754421,10328319754421.jpg
10328320245941,10328320245941.jpg
10328320540853,10328320540853.jpg
10328320737461,10328320737461.jpg
10328321360053,10328321360053.jpg
10328321589429,10328321589429.jpg
10328330600629,10328330600629.jpg
10328331747509,10328331747509.jpg
10328332927157,10328332927157.jpg
10328333877429,10328333877429.jpg
10328343969973,10328343969973.jpg
10328344789173,10328344789173.jpg
10328345411765,10328345411765.jpg
10328345837749,10328345837749.jpg
10328350326965,10328350326965.jpg
10328351408309,10328351408309.jpg
10328351735989,10328351735989.jpg
10328353177781,10328353177781.jpg
10328356126901,10328356126901.jpg
10328372412597,10328372412597.jpg
10328376049845,10328376049845.jpg
10328376377525,10328376377525.jpg
10328376541365,10328376541365.jpg
10328378704053,10328378704053.jpg
10328379326645,10328379326645.jpg
10335042535605,10335042535605.jpg
10335110299829,10335110299829.jpg
10335114526901,10335114526901.jpg
10335130615989,10335130615989.jpg
10335131795637,10335131795637.jpg
10335138250933,10335138250933.jpg
10335138316469,10335138316469.jpg
10335142445237,10335142445237.jpg
10335162695861,10335162695861.jpg
10335175377077,10335175377077.jpg
10335180554421,10335180554421.jpg
14609334403444,14609334403444.jpg
14611763560820,14611763560820.jpg
14613023457652,14613023457652.jpg
14613024538996,14613024538996.jpg
14613024735604,14613024735604.jpg
14615592960372,14615592960372.jpg
14615593812340,14615593812340.jpg
14615594697076,14615594697076.jpg
14615594893684,14615594893684.jpg
14615942234484,14615942234484.jpg
14615943151988,14615943151988.jpg
14617418989940,14617418989940.jpg
14617883017588,14617883017588.jpg
14619252294004,14619252294004.jpg
14619253604724,14619253604724.jpg
14619254423924,14619254423924.jpg
14619261501812,14619261501812.jpg
14623703761268,14623703761268.jpg
14623703794036,14623703794036.jpg
14623703892340,14623703892340.jpg
14623704220020,14623704220020.jpg
14623704252788,14623704252788.jpg
14623704351092,14623704351092.jpg
14623704678772,14623704678772.jpg
14623704711540,14623704711540.jpg
14623704940916,14623704940916.jpg
14623705137524,14623705137524.jpg
14623705334132,14623705334132.jpg
14623705891188,14623705891188.jpg
14623705956724,14623705956724.jpg
14623705989492,14623705989492.jpg
14623713296756,14623713296756.jpg
14623713362292,14623713362292.jpg
14623713460596,14623713460596.jpg
14623713526132,14623713526132.jpg
14623713624436,14623713624436.jpg
14623930253684,14623930253684.jpg
14623930614132,14623930614132.jpg
14625388790132,14625388790132.jpg
14625388855668,14625388855668.jpg
14625389183348,14625389183348.jpg
14625389969780,14625389969780.jpg
14625390035316,14625390035316.jpg
14625390166388,14625390166388.jpg
14625390625140,14625390625140.jpg
14625390723444,14625390723444.jpg
14625391608180,14625391608180.jpg
14627372794228,14627372794228.jpg
14627372826996,14627372826996.jpg
14627372958068,14627372958068.jpg
14627372990836,14627372990836.jpg
14627373351284,14627373351284.jpg
14628266639732,14628266639732.jpg
14628266934644,14628266934644.jpg
14628267557236,14628267557236.jpg
14628268835188,14628268835188.jpg
14628268867956,14628268867956.jpg
14628269064564,14628269064564.jpg
14629307613556,14629307613556.jpg
14629307777396,14629307777396.jpg
14629310431604,14629310431604.jpg
14629310726516,14629310726516.jpg
14629311480180,14629311480180.jpg
14629311611252,14629311611252.jpg
14631112311156,14631112311156.jpg
14631112671604,14631112671604.jpg
14631113326964,14631113326964.jpg
14631114211700,14631114211700.jpg
14631115456884,14631115456884.jpg
14631116996980,14631116996980.jpg
14631117259124,14631117259124.jpg
14631117848948,14631117848948.jpg
14631119421812,14631119421812.jpg
14631119618420,14631119618420.jpg
14633721430388,14633721430388.jpg
14633721758068,14633721758068.jpg
14633722020212,14633722020212.jpg
14633722085748,14633722085748.jpg
14633722413428,14633722413428.jpg
14633722544500,14633722544500.jpg
14633722610036,14633722610036.jpg
14633723232628,14633723232628.jpg
14633723462004,14633723462004.jpg
14633723593076,14633723593076.jpg
14633723920756,14633723920756.jpg
14633723986292,14633723986292.jpg
14636129026420,14636129026420.jpg
14636130861428,14636130861428.jpg
14636131254644,14636131254644.jpg
14636133745012,14636133745012.jpg
14636138201460,14636138201460.jpg
14636138889588,14636138889588.jpg
14636139053428,14636139053428.jpg
14636139315572,14636139315572.jpg
14636139413876,14636139413876.jpg
14637111738740,14637111738740.jpg
14637113114996,14637113114996.jpg
14637113377140,14637113377140.jpg
14637115212148,14637115212148.jpg
14637116227956,14637116227956.jpg
14637116686708,14637116686708.jpg
14637117243764,14637117243764.jpg
14637118226804,14637118226804.jpg
14637121995124,14637121995124.jpg
14637122060660,14637122060660.jpg
14637123764596,14637123764596.jpg
14638335754612,14638335754612.jpg
14638337130868,14638337130868.jpg
14638338670964,14638338670964.jpg
14639441346932,14639441346932.jpg
14639441445236,14639441445236.jpg
14639441543540,14639441543540.jpg
14639442887028,14639442887028.jpg
14639443018100,14639443018100.jpg
14639443050868,14639443050868.jpg
14639443116404,14639443116404.jpg
14639443247476,14639443247476.jpg
14639443509620,14639443509620.jpg
14639443640692,14639443640692.jpg
14639444230516,14639444230516.jpg
14639444525428,14639444525428.jpg
14649734758772,14649734758772.jpg
14649745834356,14649745834356.jpg
14649748455796,14649748455796.jpg
14649752879476,14649752879476.jpg
14649770115444,14649770115444.jpg
14649793249652,14649793249652.jpg
14649797804404,14649797804404.jpg
14649801441652,14649801441652.jpg
14649808814452,14649808814452.jpg
14649809240436,14649809240436.jpg
14649824018804,14649824018804.jpg
14654631346548,14654631346548.jpg
14654635573620,14654635573620.jpg
14654636884340,14654636884340.jpg
14654637244788,14654637244788.jpg
14654637736308,14654637736308.jpg
14654638195060,14654638195060.jpg
14654638686580,14654638686580.jpg
14654640226676,14654640226676.jpg
14654641242484,14654641242484.jpg
14654642520436,14654642520436.jpg
14654643601780,14654643601780.jpg
14654644650356,14654644650356.jpg
14654651531636,14654651531636.jpg
14656823820660,14656823820660.jpg
14656824181108,14656824181108.jpg
14656826573172,14656826573172.jpg
14659267756404,14659267756404.jpg
14659267821940,14659267821940.jpg
14659267887476,14659267887476.jpg
14659268018548,14659268018548.jpg
14659268182388,14659268182388.jpg
14659268215156,14659268215156.jpg
14659268346228,14659268346228.jpg
14659269034356,14659269034356.jpg
14659269263732,14659269263732.jpg
14659269427572,14659269427572.jpg
14659696689524,14659696689524.jpg
14659696820596,14659696820596.jpg
14659696984436,14659696984436.jpg
14659697017204,14659697017204.jpg
14659697639796,14659697639796.jpg
14659697770868,14659697770868.jpg
14659698098548,14659698098548.jpg
14659698164084,14659698164084.jpg
14662486098292,14662486098292.jpg
14662491013492,14662491013492.jpg
14663471530356,14663471530356.jpg
14663473135988,14663473135988.jpg
14664144978292,14664144978292.jpg
14667378164084,14667378164084.jpg
14667380523380,14667380523380.jpg
14670745010548,14670745010548.jpg
14670745043316,14670745043316.jpg
14670745862516,14670745862516.jpg
14670745960820,14670745960820.jpg
14670746747252,14670746747252.jpg
14672936534388,14672936534388.jpg
14672936665460,14672936665460.jpg
14672938402164,14672938402164.jpg
14672938434932,14672938434932.jpg
14672938500468,14672938500468.jpg
14672938664308,14672938664308.jpg
14672938697076,14672938697076.jpg
14672938729844,14672938729844.jpg
14672940499316,14672940499316.jpg
14672940532084,14672940532084.jpg
14672940728692,14672940728692.jpg
14672942498164,14672942498164.jpg
14678638264692,14678638264692.jpg
14678638494068,14678638494068.jpg
14678642098548,14678642098548.jpg
14678643343732,14678643343732.jpg
14682449183092,14682449183092.jpg
14682457211252,14682457211252.jpg
14683563688308,14683563688308.jpg
14688464732532,14688464732532.jpg
14692997366132,14692997366132.jpg
14692998906228,14692998906228.jpg
14693004509556,14693004509556.jpg
14697357508980,14697357508980.jpg
14709371830644,14709371830644.jpg
14710794420596,14710794420596.jpg
14710794649972,14710794649972.jpg
14710794879348,14710794879348.jpg
14710795141492,14710795141492.jpg
14710796484980,14710796484980.jpg
14710796681588,14710796681588.jpg
14710796878196,14710796878196.jpg
14710798418292,14710798418292.jpg
14710798483828,14710798483828.jpg
14710798614900,14710798614900.jpg
14712984863092,14712984863092.jpg
14712985158004,14712985158004.jpg
14712985780596,14712985780596.jpg
14713329746292,14713329746292.jpg
14713329779060,14713329779060.jpg
14713329844596,14713329844596.jpg
14713329910132,14713329910132.jpg
14713329975668,14713329975668.jpg
14713330041204,14713330041204.jpg
14713330106740,14713330106740.jpg
14713330172276,14713330172276.jpg
14713330303348,14713330303348.jpg
14713330368884,14713330368884.jpg
14713330401652,14713330401652.jpg
14713330467188,14713330467188.jpg
14713330499956,14713330499956.jpg
14713330565492,14713330565492.jpg
14713330631028,14713330631028.jpg
14713330663796,14713330663796.jpg
14713330762100,14713330762100.jpg
14713330827636,14713330827636.jpg
14713330925940,14713330925940.jpg
14713330991476,14713330991476.jpg
14713331122548,14713331122548.jpg
14713331188084,14713331188084.jpg
14713331220852,14713331220852.jpg
14713331384692,14713331384692.jpg
14713331450228,14713331450228.jpg
14713331515764,14713331515764.jpg
14713331581300,14713331581300.jpg
14713331679604,14713331679604.jpg
14713331745140,14713331745140.jpg
14713331777908,14713331777908.jpg
14713331843444,14713331843444.jpg
14713331974516,14713331974516.jpg
14713332203892,14713332203892.jpg
14718521147764,14718521147764.jpg
14718521180532,14718521180532.jpg
14718521213300,14718521213300.jpg
14718521246068,14718521246068.jpg
14718521672052,14718521672052.jpg
14718521704820,14718521704820.jpg
14718521737588,14718521737588.jpg
14718521770356,14718521770356.jpg
14718521835892,14718521835892.jpg
14718521901428,14718521901428.jpg
14718521934196,14718521934196.jpg
14718521966964,14718521966964.jpg
14718521999732,14718521999732.jpg
14718522032500,14718522032500.jpg
14718522098036,14718522098036.jpg
14718522130804,14718522130804.jpg
14718522163572,14718522163572.jpg
14718522196340,14718522196340.jpg
14718522229108,14718522229108.jpg
14718522261876,14718522261876.jpg
14718522327412,14718522327412.jpg
14718522360180,14718522360180.jpg
14718522392948,14718522392948.jpg
14718522458484,14718522458484.jpg
14718522524020,14718522524020.jpg
14718522556788,14718522556788.jpg
14718522589556,14718522589556.jpg
14718522655092,14718522655092.jpg
14718522687860,14718522687860.jpg
14718522720628,14718522720628.jpg
14718522753396,14718522753396.jpg
14718522818932,14718522818932.jpg
14719153504628,14719153504628.jpg
14719153537396,14719153537396.jpg
14719153570164,14719153570164.jpg
14719153602932,14719153602932.jpg
14719153668468,14719153668468.jpg
14719153701236,14719153701236.jpg
14719153734004,14719153734004.jpg
14719153766772,14719153766772.jpg
14719153799540,14719153799540.jpg
14719153832308,14719153832308.jpg
14719153897844,14719153897844.jpg
14719154323828,14719154323828.jpg
14719154520436,14719154520436.jpg
14719154815348,14719154815348.jpg
14719155470708,14719155470708.jpg
14719155896692,14719155896692.jpg
14719156126068,14719156126068.jpg
14719255576948,14719255576948.jpg
14719788679540,14719788679540.jpg
14719788712308,14719788712308.jpg
14719788745076,14719788745076.jpg
14719788843380,14719788843380.jpg
14719788941684,14719788941684.jpg
14719788974452,14719788974452.jpg
14719789007220,14719789007220.jpg
14719789072756,14719789072756.jpg
14719789105524,14719789105524.jpg
14720585990516,14720585990516.jpg
14720586056052,14720586056052.jpg
14720586088820,14720586088820.jpg
14720586121588,14720586121588.jpg
14720586154356,14720586154356.jpg
14720586187124,14720586187124.jpg
14720586219892,14720586219892.jpg
14720586252660,14720586252660.jpg
14720586318196,14720586318196.jpg
14720586383732,14720586383732.jpg
14720586416500,14720586416500.jpg
14720586449268,14720586449268.jpg
14720586482036,14720586482036.jpg
14720586514804,14720586514804.jpg
14720586547572,14720586547572.jpg
14720586580340,14720586580340.jpg
14720586613108,14720586613108.jpg
14720586645876,14720586645876.jpg
14720586678644,14720586678644.jpg
14720792134004,14720792134004.jpg
14720792166772,14720792166772.jpg
14720792199540,14720792199540.jpg
14720792232308,14720792232308.jpg
14720792297844,14720792297844.jpg
14720792330612,14720792330612.jpg
14720792363380,14720792363380.jpg
14720792461684,14720792461684.jpg
14720792494452,14720792494452.jpg
14720792527220,14720792527220.jpg
14720792559988,14720792559988.jpg
14720792592756,14720792592756.jpg
14720792691060,14720792691060.jpg
14720792723828,14720792723828.jpg
14720792756596,14720792756596.jpg
14720792789364,14720792789364.jpg
14720792822132,14720792822132.jpg
14720792887668,14720792887668.jpg
14720792953204,14720792953204.jpg
14720792985972,14720792985972.jpg
14720793018740,14720793018740.jpg
14720793051508,14720793051508.jpg
14720793084276,14720793084276.jpg
14720793149812,14720793149812.jpg
14720793215348,14720793215348.jpg
14720793248116,14720793248116.jpg
14720793280884,14720793280884.jpg
14720793313652,14720793313652.jpg
14720793477492,14720793477492.jpg
14720793510260,14720793510260.jpg
14720793575796,14720793575796.jpg
14720793608564,14720793608564.jpg
14720793641332,14720793641332.jpg
14729699918196,14729699918196.jpg
14729700016500,14729700016500.jpg
14729700409716,14729700409716.jpg
14729700508020,14729700508020.jpg
14729700671860,14729700671860.jpg
14729700737396,14729700737396.jpg
14729700868468,14729700868468.jpg
14729700966772,14729700966772.jpg
14729701097844,14729701097844.jpg
14730093035892,14730093035892.jpg
14730093068660,14730093068660.jpg
14730093101428,14730093101428.jpg
14730093134196,14730093134196.jpg
14730093166964,14730093166964.jpg
14730093199732,14730093199732.jpg
14730093232500,14730093232500.jpg
14730093265268,14730093265268.jpg
14730093298036,14730093298036.jpg
14730093330804,14730093330804.jpg
14730093396340,14730093396340.jpg
14730093494644,14730093494644.jpg
14730093527412,14730093527412.jpg
14730093560180,14730093560180.jpg
14730093592948,14730093592948.jpg
14730093625716,14730093625716.jpg
14730093658484,14730093658484.jpg
14730093691252,14730093691252.jpg
14730093724020,14730093724020.jpg
14730093756788,14730093756788.jpg
14730093789556,14730093789556.jpg
14730093822324,14730093822324.jpg
14730093887860,14730093887860.jpg
14730093953396,14730093953396.jpg
14730094051700,14730094051700.jpg
14730094084468,14730094084468.jpg
14730094117236,14730094117236.jpg
14730094150004,14730094150004.jpg
14730094182772,14730094182772.jpg
14730094215540,14730094215540.jpg
14730094248308,14730094248308.jpg
14730094281076,14730094281076.jpg
14730094313844,14730094313844.jpg
14730094346612,14730094346612.jpg
14730638655860,14730638655860.jpg
14730638754164,14730638754164.jpg
14730638786932,14730638786932.jpg
14730638885236,14730638885236.jpg
14730638918004,14730638918004.jpg
14730638950772,14730638950772.jpg
14730638983540,14730638983540.jpg
14730639016308,14730639016308.jpg
14730639147380,14730639147380.jpg
14730639180148,14730639180148.jpg
14730639245684,14730639245684.jpg
14730639278452,14730639278452.jpg
14730639311220,14730639311220.jpg
14730639376756,14730639376756.jpg
14730639409524,14730639409524.jpg
14730639507828,14730639507828.jpg
14730639540596,14730639540596.jpg
14730639671668,14730639671668.jpg
14730639966580,14730639966580.jpg
14730639999348,14730639999348.jpg
14730640032116,14730640032116.jpg
14730640064884,14730640064884.jpg
14730640097652,14730640097652.jpg
14731541774708,14731541774708.jpg
14731541807476,14731541807476.jpg
14731541873012,14731541873012.jpg
14731541938548,14731541938548.jpg
14731541971316,14731541971316.jpg
14731542004084,14731542004084.jpg
14731542135156,14731542135156.jpg
14731542233460,14731542233460.jpg
14731542659444,14731542659444.jpg
14731542823284,14731542823284.jpg
14731542856052,14731542856052.jpg
14731543019892,14731543019892.jpg
14731543118196,14731543118196.jpg
14731543150964,14731543150964.jpg
14731543216500,14731543216500.jpg
14731543249268,14731543249268.jpg
14731543314804,14731543314804.jpg
14731543347572,14731543347572.jpg
14731543380340,14731543380340.jpg
14731543413108,14731543413108.jpg
14731543445876,14731543445876.jpg
14731543511412,14731543511412.jpg
14731543609716,14731543609716.jpg
14731543642484,14731543642484.jpg
14731543708020,14731543708020.jpg
14731543740788,14731543740788.jpg
14731543773556,14731543773556.jpg
14731875942772,14731875942772.jpg
14731875975540,14731875975540.jpg
14731876008308,14731876008308.jpg
14731876041076,14731876041076.jpg
14731876073844,14731876073844.jpg
14731876106612,14731876106612.jpg
14731876139380,14731876139380.jpg
14731876172148,14731876172148.jpg
14731876204916,14731876204916.jpg
14731876237684,14731876237684.jpg
14731876270452,14731876270452.jpg
14731876303220,14731876303220.jpg
14731876335988,14731876335988.jpg
14732838044020,14732838044020.jpg
14732838076788,14732838076788.jpg
14732838142324,14732838142324.jpg
14732838207860,14732838207860.jpg
14732838273396,14732838273396.jpg
14732838338932,14732838338932.jpg
14732838371700,14732838371700.jpg
14732838404468,14732838404468.jpg
14732838535540,14732838535540.jpg
14732838601076,14732838601076.jpg
14732838699380,14732838699380.jpg
14732838732148,14732838732148.jpg
14732838764916,14732838764916.jpg
14732838830452,14732838830452.jpg
14732838863220,14732838863220.jpg
14732838928756,14732838928756.jpg
14732838994292,14732838994292.jpg
14732839092596,14732839092596.jpg
14732839158132,14732839158132.jpg
14732839190900,14732839190900.jpg
14732839223668,14732839223668.jpg
14732839256436,14732839256436.jpg
14732839289204,14732839289204.jpg
14732839387508,14732839387508.jpg
14732839485812,14732839485812.jpg
14732839551348,14732839551348.jpg
14732839616884,14732839616884.jpg
14732839649652,14732839649652.jpg
14732839715188,14732839715188.jpg
14732839813492,14732839813492.jpg
14733861028212,14733861028212.jpg
14733861060980,14733861060980.jpg
14733861093748,14733861093748.jpg
14733861126516,14733861126516.jpg
14733861192052,14733861192052.jpg
14733861257588,14733861257588.jpg
14733861290356,14733861290356.jpg
14733861323124,14733861323124.jpg
14733861355892,14733861355892.jpg
14733861421428,14733861421428.jpg
14733861454196,14733861454196.jpg
14733861486964,14733861486964.jpg
14733861552500,14733861552500.jpg
14733861618036,14733861618036.jpg
14733861650804,14733861650804.jpg
14733861683572,14733861683572.jpg
14733861716340,14733861716340.jpg
14733861749108,14733861749108.jpg
14733861781876,14733861781876.jpg
14733861847412,14733861847412.jpg
14733861880180,14733861880180.jpg
14733861912948,14733861912948.jpg
14733861945716,14733861945716.jpg
14733861978484,14733861978484.jpg
14733862044020,14733862044020.jpg
14733862076788,14733862076788.jpg
14733862109556,14733862109556.jpg
14733862142324,14733862142324.jpg
14733862175092,14733862175092.jpg
14733862207860,14733862207860.jpg
14733862273396,14733862273396.jpg
14734725251444,14734725251444.jpg
14735032615284,14735032615284.jpg
14735957033332,14735957033332.jpg
14735957131636,14735957131636.jpg
14735957295476,14735957295476.jpg
14735957426548,14735957426548.jpg
14735957623156,14735957623156.jpg
14735957754228,14735957754228.jpg
14735957983604,14735957983604.jpg
14735958049140,14735958049140.jpg
14735958114676,14735958114676.jpg
14735958245748,14735958245748.jpg
14735958278516,14735958278516.jpg
14735958409588,14735958409588.jpg
14735958475124,14735958475124.jpg
14735958540660,14735958540660.jpg
14735958573428,14735958573428.jpg
14735958704500,14735958704500.jpg
14735959064948,14735959064948.jpg
14735959163252,14735959163252.jpg
14735959261556,14735959261556.jpg
14739652247924,14739652247924.jpg
14739652280692,14739652280692.jpg
14739652313460,14739652313460.jpg
14739652378996,14739652378996.jpg
14739652444532,14739652444532.jpg
14739652477300,14739652477300.jpg
14739652510068,14739652510068.jpg
14739652641140,14739652641140.jpg
14739652673908,14739652673908.jpg
14739652706676,14739652706676.jpg
14739652739444,14739652739444.jpg
14739652804980,14739652804980.jpg
14739652837748,14739652837748.jpg
14739652936052,14739652936052.jpg
14739652968820,14739652968820.jpg
14739653001588,14739653001588.jpg
14739653034356,14739653034356.jpg
14739653067124,14739653067124.jpg
14739653099892,14739653099892.jpg
14739653132660,14739653132660.jpg
14739653165428,14739653165428.jpg
14739653198196,14739653198196.jpg
14739653230964,14739653230964.jpg
14739653296500,14739653296500.jpg
14739653329268,14739653329268.jpg
14739653362036,14739653362036.jpg
14739653394804,14739653394804.jpg
14739653460340,14739653460340.jpg
14740282114420,14740282114420.jpg
14740282343796,14740282343796.jpg
14740282638708,14740282638708.jpg
14740282868084,14740282868084.jpg
14740282999156,14740282999156.jpg
14740283031924,14740283031924.jpg
14740283064692,14740283064692.jpg
14740283130228,14740283130228.jpg
14740283162996,14740283162996.jpg
14740283195764,14740283195764.jpg
14740283261300,14740283261300.jpg
14740283326836,14740283326836.jpg
14740283359604,14740283359604.jpg
14740283425140,14740283425140.jpg
14740283490676,14740283490676.jpg
14740283523444,14740283523444.jpg
14740283556212,14740283556212.jpg
14740283654516,14740283654516.jpg
14740283720052,14740283720052.jpg
14740283916660,14740283916660.jpg
14740283949428,14740283949428.jpg
14740283982196,14740283982196.jpg
14740284014964,14740284014964.jpg
14740284047732,14740284047732.jpg
14740284080500,14740284080500.jpg
14740284113268,14740284113268.jpg
14740284146036,14740284146036.jpg
14740284178804,14740284178804.jpg
14740284211572,14740284211572.jpg
14740284244340,14740284244340.jpg
14740284309876,14740284309876.jpg
14740284342644,14740284342644.jpg
14740284375412,14740284375412.jpg
14740284440948,14740284440948.jpg
14740284473716,14740284473716.jpg
14740284539252,14740284539252.jpg
14740284572020,14740284572020.jpg
14740551762292,14740551762292.jpg
14740551926132,14740551926132.jpg
14740552057204,14740552057204.jpg
14740552122740,14740552122740.jpg
14740552155508,14740552155508.jpg
14740552188276,14740552188276.jpg
14740552221044,14740552221044.jpg
14740552253812,14740552253812.jpg
14740552286580,14740552286580.jpg
14740552319348,14740552319348.jpg
14740552352116,14740552352116.jpg
14740552384884,14740552384884.jpg
14740552417652,14740552417652.jpg
14740552483188,14740552483188.jpg
14740552515956,14740552515956.jpg
14740552581492,14740552581492.jpg
14740552614260,14740552614260.jpg
14740552745332,14740552745332.jpg
14740552843636,14740552843636.jpg
14740552876404,14740552876404.jpg
14740552941940,14740552941940.jpg
14740552974708,14740552974708.jpg
14740553007476,14740553007476.jpg
14740553040244,14740553040244.jpg
14740553073012,14740553073012.jpg
14740553171316,14740553171316.jpg
14740553204084,14740553204084.jpg
14740553236852,14740553236852.jpg
14740553269620,14740553269620.jpg
14740617527668,14740617527668.jpg
14740617593204,14740617593204.jpg
14740617658740,14740617658740.jpg
14740617757044,14740617757044.jpg
14740617920884,14740617920884.jpg
14740618019188,14740618019188.jpg
14740618183028,14740618183028.jpg
14740618314100,14740618314100.jpg
14740618379636,14740618379636.jpg
14740618445172,14740618445172.jpg
14740618543476,14740618543476.jpg
14740618641780,14740618641780.jpg
14740618674548,14740618674548.jpg
14740618772852,14740618772852.jpg
14740618936692,14740618936692.jpg
14740619002228,14740619002228.jpg
14740619067764,14740619067764.jpg
14740619133300,14740619133300.jpg
14740619428212,14740619428212.jpg
14740619526516,14740619526516.jpg
14740619559284,14740619559284.jpg
14740619657588,14740619657588.jpg
14740619723124,14740619723124.jpg
14740619821428,14740619821428.jpg
14740619886964,14740619886964.jpg
14740619985268,14740619985268.jpg
14740620149108,14740620149108.jpg
14740620411252,14740620411252.jpg
14740620444020,14740620444020.jpg
14740620640628,14740620640628.jpg
14740620771700,14740620771700.jpg
14740620804468,14740620804468.jpg
14740620902772,14740620902772.jpg
14740621001076,14740621001076.jpg
14742709043572,14742709043572.jpg
14742709109108,14742709109108.jpg
14742709207412,14742709207412.jpg
14742709240180,14742709240180.jpg
14742709338484,14742709338484.jpg
14742709404020,14742709404020.jpg
14742709502324,14742709502324.jpg
14742709535092,14742709535092.jpg
14742709666164,14742709666164.jpg
14742709764468,14742709764468.jpg
14742709830004,14742709830004.jpg
14742709961076,14742709961076.jpg
14742710059380,14742710059380.jpg
14742710190452,14742710190452.jpg
14742710223220,14742710223220.jpg
14742710255988,14742710255988.jpg
14742710354292,14742710354292.jpg
14742710419828,14742710419828.jpg
14742710452596,14742710452596.jpg
14742710518132,14742710518132.jpg
14742710550900,14742710550900.jpg
14742710583668,14742710583668.jpg
14742710616436,14742710616436.jpg
14742710649204,14742710649204.jpg
14742710714740,14742710714740.jpg
14742710780276,14742710780276.jpg
14742710845812,14742710845812.jpg
14742710878580,14742710878580.jpg
14742710944116,14742710944116.jpg
14742711042420,14742711042420.jpg
14742711075188,14742711075188.jpg
14742711107956,14742711107956.jpg
14742711239028,14742711239028.jpg
14742711271796,14742711271796.jpg
14742711402868,14742711402868.jpg
14742711501172,14742711501172.jpg
14742711533940,14742711533940.jpg
14742711632244,14742711632244.jpg
14742711665012,14742711665012.jpg
14742711697780,14742711697780.jpg
14742711828852,14742711828852.jpg
14742711861620,14742711861620.jpg
14742711894388,14742711894388.jpg
14742712025460,14742712025460.jpg
14742712090996,14742712090996.jpg
14742712156532,14742712156532.jpg
14742712287604,14742712287604.jpg
14742712353140,14742712353140.jpg
14742712418676,14742712418676.jpg
14742712451444,14742712451444.jpg
14742712484212,14742712484212.jpg
14742712549748,14742712549748.jpg
14742712615284,14742712615284.jpg
14742712680820,14742712680820.jpg
14742712746356,14742712746356.jpg
14742712844660,14742712844660.jpg
14742712877428,14742712877428.jpg
14742712910196,14742712910196.jpg
14742713008500,14742713008500.jpg
14742724051316,14742724051316.jpg
14743299293556,14743299293556.jpg
14744565121396,14744565121396.jpg
14746062946676,14746062946676.jpg
14746063012212,14746063012212.jpg
14746063044980,14746063044980.jpg
14746063110516,14746063110516.jpg
14746063176052,14746063176052.jpg
14746063208820,14746063208820.jpg
14746063274356,14746063274356.jpg
14746063307124,14746063307124.jpg
14746063372660,14746063372660.jpg
14746063405428,14746063405428.jpg
14746063470964,14746063470964.jpg
14746063503732,14746063503732.jpg
14746063569268,14746063569268.jpg
14746063667572,14746063667572.jpg
14746063700340,14746063700340.jpg
14746063733108,14746063733108.jpg
14746063798644,14746063798644.jpg
14746063929716,14746063929716.jpg
14746063962484,14746063962484.jpg
14746064093556,14746064093556.jpg
14746064159092,14746064159092.jpg
14746064322932,14746064322932.jpg
14746064355700,14746064355700.jpg
14746064486772,14746064486772.jpg
14746064552308,14746064552308.jpg
14746368704884,14746368704884.jpg
14746368737652,14746368737652.jpg
14746368803188,14746368803188.jpg
14746368835956,14746368835956.jpg
14746368868724,14746368868724.jpg
14746368901492,14746368901492.jpg
14746368934260,14746368934260.jpg
14746368967028,14746368967028.jpg
14746369032564,14746369032564.jpg
14746369065332,14746369065332.jpg
14746369098100,14746369098100.jpg
14746369130868,14746369130868.jpg
14746369196404,14746369196404.jpg
14746369294708,14746369294708.jpg
14746369327476,14746369327476.jpg
14746369360244,14746369360244.jpg
14746369393012,14746369393012.jpg
14746369491316,14746369491316.jpg
14746369524084,14746369524084.jpg
14746369589620,14746369589620.jpg
14746369655156,14746369655156.jpg
14746369687924,14746369687924.jpg
14746369720692,14746369720692.jpg
14746369753460,14746369753460.jpg
14746369786228,14746369786228.jpg
14746369917300,14746369917300.jpg
14746369950068,14746369950068.jpg
14746369982836,14746369982836.jpg
14746370015604,14746370015604.jpg
14746370081140,14746370081140.jpg
14746373226868,14746373226868.jpg
14747379990900,14747379990900.jpg
14747380023668,14747380023668.jpg
14747380056436,14747380056436.jpg
14747380089204,14747380089204.jpg
14747380121972,14747380121972.jpg
14747380154740,14747380154740.jpg
14747380187508,14747380187508.jpg
14747380220276,14747380220276.jpg
14747380253044,14747380253044.jpg
14747380285812,14747380285812.jpg
14747380318580,14747380318580.jpg
14747380351348,14747380351348.jpg
14747380384116,14747380384116.jpg
14747380580724,14747380580724.jpg
14747380613492,14747380613492.jpg
14747380679028,14747380679028.jpg
14747380711796,14747380711796.jpg
14747380744564,14747380744564.jpg
14747380908404,14747380908404.jpg
14747381072244,14747381072244.jpg
14747381137780,14747381137780.jpg
14747381203316,14747381203316.jpg
14751897125236,14751897125236.jpg
14751897256308,14751897256308.jpg
14751897452916,14751897452916.jpg
14751897583988,14751897583988.jpg
14751897649524,14751897649524.jpg
14751897715060,14751897715060.jpg
14751897813364,14751897813364.jpg
14751897911668,14751897911668.jpg
14751898206580,14751898206580.jpg
14751898272116,14751898272116.jpg
14751898468724,14751898468724.jpg
14751898534260,14751898534260.jpg
14751898599796,14751898599796.jpg
14751898894708,14751898894708.jpg
14751899124084,14751899124084.jpg
14751899189620,14751899189620.jpg
14751899287924,14751899287924.jpg
14751899451764,14751899451764.jpg
14751899550068,14751899550068.jpg
14751899648372,14751899648372.jpg
14751899779444,14751899779444.jpg
14751899943284,14751899943284.jpg
14751900270964,14751900270964.jpg
14751900369268,14751900369268.jpg
14751900467572,14751900467572.jpg
14755175039348,14755175039348.jpg
14755175170420,14755175170420.jpg
14755175301492,14755175301492.jpg
14755175367028,14755175367028.jpg
14755175465332,14755175465332.jpg
14755175563636,14755175563636.jpg
14755175858548,14755175858548.jpg
14755175924084,14755175924084.jpg
14755176022388,14755176022388.jpg
14755176120692,14755176120692.jpg
14755176186228,14755176186228.jpg
14755176284532,14755176284532.jpg
14755176382836,14755176382836.jpg
14755176481140,14755176481140.jpg
14755176677748,14755176677748.jpg
14755176743284,14755176743284.jpg
14755177136500,14755177136500.jpg
14755177234804,14755177234804.jpg
14755177365876,14755177365876.jpg
14755177660788,14755177660788.jpg
14755177857396,14755177857396.jpg
14755177922932,14755177922932.jpg
14755178021236,14755178021236.jpg
14755178119540,14755178119540.jpg
14755178512756,14755178512756.jpg
14755178578292,14755178578292.jpg
14755178676596,14755178676596.jpg
14755178774900,14755178774900.jpg
14755178873204,14755178873204.jpg
14755179037044,14755179037044.jpg
14755179135348,14755179135348.jpg
14755179299188,14755179299188.jpg
14755179397492,14755179397492.jpg
14755179528564,14755179528564.jpg
14755179725172,14755179725172.jpg
14755179790708,14755179790708.jpg
14756754227572,14756754227572.jpg
14756754391412,14756754391412.jpg
14756754522484,14756754522484.jpg
14756754719092,14756754719092.jpg
14756754784628,14756754784628.jpg
14756755014004,14756755014004.jpg
14756755079540,14756755079540.jpg
14756755145076,14756755145076.jpg
14756755243380,14756755243380.jpg
14756755341684,14756755341684.jpg
14756755472756,14756755472756.jpg
14756755603828,14756755603828.jpg
14756755702132,14756755702132.jpg
14756755800436,14756755800436.jpg
14756755865972,14756755865972.jpg
14756770775412,14756770775412.jpg
14756770873716,14756770873716.jpg
14756771004788,14756771004788.jpg
14756771135860,14756771135860.jpg
14756771266932,14756771266932.jpg
14756771463540,14756771463540.jpg
14756771594612,14756771594612.jpg
14756771725684,14756771725684.jpg
14756771987828,14756771987828.jpg
14756772151668,14756772151668.jpg
14756772249972,14756772249972.jpg
14756772381044,14756772381044.jpg
14756772479348,14756772479348.jpg
14756772643188,14756772643188.jpg
14756772872564,14756772872564.jpg
14756772970868,14756772970868.jpg
14756773101940,14756773101940.jpg
14756773265780,14756773265780.jpg
14756773364084,14756773364084.jpg
14759990133108,14759990133108.jpg
14759990165876,14759990165876.jpg
14759990231412,14759990231412.jpg
14759990395252,14759990395252.jpg
14759990460788,14759990460788.jpg
14759990526324,14759990526324.jpg
14759990559092,14759990559092.jpg
14759990624628,14759990624628.jpg
14759990690164,14759990690164.jpg
14759990788468,14759990788468.jpg
14759990854004,14759990854004.jpg
14759990919540,14759990919540.jpg
14759990985076,14759990985076.jpg
14759991083380,14759991083380.jpg
14759991148916,14759991148916.jpg
14759991181684,14759991181684.jpg
14759991247220,14759991247220.jpg
14759991345524,14759991345524.jpg
14759991443828,14759991443828.jpg
14759991476596,14759991476596.jpg
14759991673204,14759991673204.jpg
14759991902580,14759991902580.jpg
14759992000884,14759992000884.jpg
14759992099188,14759992099188.jpg
14759992164724,14759992164724.jpg
14763036442996,14763036442996.jpg
14763036541300,14763036541300.jpg
14763036639604,14763036639604.jpg
14763037032820,14763037032820.jpg
14763037163892,14763037163892.jpg
14763037262196,14763037262196.jpg
14763037426036,14763037426036.jpg
14763037557108,14763037557108.jpg
14763037688180,14763037688180.jpg
14763038015860,14763038015860.jpg
14763038114164,14763038114164.jpg
14763038245236,14763038245236.jpg
14763038343540,14763038343540.jpg
14763038933364,14763038933364.jpg
14763039031668,14763039031668.jpg
14763039326580,14763039326580.jpg
14763039588724,14763039588724.jpg
14763039687028,14763039687028.jpg
14768932749684,14768932749684.jpg
14768932847988,14768932847988.jpg
14768932946292,14768932946292.jpg
14768932979060,14768932979060.jpg
14768933044596,14768933044596.jpg
14768933077364,14768933077364.jpg
14768933175668,14768933175668.jpg
14768933273972,14768933273972.jpg
14768933405044,14768933405044.jpg
14768933503348,14768933503348.jpg
14768933601652,14768933601652.jpg
14768933699956,14768933699956.jpg
14768933798260,14768933798260.jpg
14768933831028,14768933831028.jpg
14768933962100,14768933962100.jpg
14768934027636,14768934027636.jpg
14768934093172,14768934093172.jpg
14768934191476,14768934191476.jpg
14768934322548,14768934322548.jpg
14768934486388,14768934486388.jpg
14768934551924,14768934551924.jpg
14768934617460,14768934617460.jpg
14768934650228,14768934650228.jpg
14768934715764,14768934715764.jpg
14768934748532,14768934748532.jpg
14768934879604,14768934879604.jpg
14768934945140,14768934945140.jpg
14768935043444,14768935043444.jpg
14768935240052,14768935240052.jpg
14768935338356,14768935338356.jpg
14772981006708,14772981006708.jpg
14773852569972,14773852569972.jpg
14773852602740,14773852602740.jpg
14773852635508,14773852635508.jpg
14773852701044,14773852701044.jpg
14773852766580,14773852766580.jpg
14773852832116,14773852832116.jpg
14773852864884,14773852864884.jpg
14773852930420,14773852930420.jpg
14773852963188,14773852963188.jpg
14773852995956,14773852995956.jpg
14773853061492,14773853061492.jpg
14773853094260,14773853094260.jpg
14773853127028,14773853127028.jpg
14773853192564,14773853192564.jpg
14773853225332,14773853225332.jpg
14773853290868,14773853290868.jpg
14773853323636,14773853323636.jpg
14773853356404,14773853356404.jpg
14773853421940,14773853421940.jpg
14773853454708,14773853454708.jpg
14773853487476,14773853487476.jpg
14773853585780,14773853585780.jpg
14773853618548,14773853618548.jpg
14773853651316,14773853651316.jpg
14773853684084,14773853684084.jpg
14773853749620,14773853749620.jpg
14773853782388,14773853782388.jpg
14773853815156,14773853815156.jpg
14773853847924,14773853847924.jpg
14774197485940,14774197485940.jpg
14774917235060,14774917235060.jpg
14774917267828,14774917267828.jpg
14774917300596,14774917300596.jpg
14774917333364,14774917333364.jpg
14774917366132,14774917366132.jpg
14774917464436,14774917464436.jpg
14774917497204,14774917497204.jpg
14774917595508,14774917595508.jpg
14774917628276,14774917628276.jpg
14774917693812,14774917693812.jpg
14774917726580,14774917726580.jpg
14774917759348,14774917759348.jpg
14774917792116,14774917792116.jpg
14774917824884,14774917824884.jpg
14774917857652,14774917857652.jpg
14774917923188,14774917923188.jpg
14774917955956,14774917955956.jpg
14774917988724,14774917988724.jpg
14774918021492,14774918021492.jpg
14774918054260,14774918054260.jpg
14774918087028,14774918087028.jpg
14776270324084,14776270324084.jpg
14776270356852,14776270356852.jpg
14776270389620,14776270389620.jpg
14776270422388,14776270422388.jpg
14776270455156,14776270455156.jpg
14776270487924,14776270487924.jpg
14776270618996,14776270618996.jpg
14776270651764,14776270651764.jpg
14776270684532,14776270684532.jpg
14776270717300,14776270717300.jpg
14776270782836,14776270782836.jpg
14776270815604,14776270815604.jpg
14776270881140,14776270881140.jpg
14776270979444,14776270979444.jpg
14776271012212,14776271012212.jpg
14776271044980,14776271044980.jpg
14776271077748,14776271077748.jpg
14776271110516,14776271110516.jpg
14776271241588,14776271241588.jpg
14776271372660,14776271372660.jpg
14776271536500,14776271536500.jpg
14776271733108,14776271733108.jpg
14776271896948,14776271896948.jpg
14776272028020,14776272028020.jpg
14776272322932,14776272322932.jpg
14776272454004,14776272454004.jpg
14776272486772,14776272486772.jpg
14779769258356,14779769258356.jpg
14779769323892,14779769323892.jpg
14779769356660,14779769356660.jpg
14779769389428,14779769389428.jpg
14779769487732,14779769487732.jpg
14779769520500,14779769520500.jpg
14779769553268,14779769553268.jpg
14779769586036,14779769586036.jpg
14779769717108,14779769717108.jpg
14779769815412,14779769815412.jpg
14779770012020,14779770012020.jpg
14779770044788,14779770044788.jpg
14779770175860,14779770175860.jpg
14779770339700,14779770339700.jpg
14779770470772,14779770470772.jpg
14779770569076,14779770569076.jpg
14779770667380,14779770667380.jpg
14779770863988,14779770863988.jpg
14779770929524,14779770929524.jpg
14779770995060,14779770995060.jpg
14779771027828,14779771027828.jpg
14779771060596,14779771060596.jpg
14779771126132,14779771126132.jpg
14779771322740,14779771322740.jpg
14779771388276,14779771388276.jpg
14779771453812,14779771453812.jpg
14779771519348,14779771519348.jpg
14779771552116,14779771552116.jpg
14779771584884,14779771584884.jpg
14779771617652,14779771617652.jpg
14779771683188,14779771683188.jpg
14779771879796,14779771879796.jpg
14780027765108,14780027765108.jpg
14780027797876,14780027797876.jpg
14780027830644,14780027830644.jpg
14780027863412,14780027863412.jpg
14780027928948,14780027928948.jpg
14780027961716,14780027961716.jpg
14780027994484,14780027994484.jpg
14780028027252,14780028027252.jpg
14780028092788,14780028092788.jpg
14780028125556,14780028125556.jpg
14780028191092,14780028191092.jpg
14780028223860,14780028223860.jpg
14780028256628,14780028256628.jpg
14780028289396,14780028289396.jpg
14780028322164,14780028322164.jpg
14780028420468,14780028420468.jpg
14780028486004,14780028486004.jpg
14780028551540,14780028551540.jpg
14780028649844,14780028649844.jpg
14780028715380,14780028715380.jpg
14780028748148,14780028748148.jpg
14780028780916,14780028780916.jpg
14780028813684,14780028813684.jpg
14780028846452,14780028846452.jpg
14780028911988,14780028911988.jpg
14780029043060,14780029043060.jpg
14780029075828,14780029075828.jpg
14780029108596,14780029108596.jpg
14780029141364,14780029141364.jpg
14780866888052,14780866888052.jpg
14780867019124,14780867019124.jpg
14780867084660,14780867084660.jpg
14780867150196,14780867150196.jpg
14780867182964,14780867182964.jpg
14780867215732,14780867215732.jpg
14780867248500,14780867248500.jpg
14780867281268,14780867281268.jpg
14780867346804,14780867346804.jpg
14780867379572,14780867379572.jpg
14780867412340,14780867412340.jpg
14780867510644,14780867510644.jpg
14780867576180,14780867576180.jpg
14780867707252,14780867707252.jpg
14780867871092,14780867871092.jpg
14780868198772,14780868198772.jpg
14780868264308,14780868264308.jpg
14780868297076,14780868297076.jpg
14780868362612,14780868362612.jpg
14780868428148,14780868428148.jpg
14780868591988,14780868591988.jpg
14780868624756,14780868624756.jpg
14780868788596,14780868788596.jpg
14780868854132,14780868854132.jpg
14780868919668,14780868919668.jpg
14780868985204,14780868985204.jpg
14780869017972,14780869017972.jpg
14780869083508,14780869083508.jpg
14780869149044,14780869149044.jpg
14780869181812,14780869181812.jpg
14781428728180,14781428728180.jpg
14781429023092,14781429023092.jpg
14781429154164,14781429154164.jpg
14781429318004,14781429318004.jpg
14781429547380,14781429547380.jpg
14781429645684,14781429645684.jpg
14781429875060,14781429875060.jpg
14781430202740,14781430202740.jpg
14781430301044,14781430301044.jpg
14781430595956,14781430595956.jpg
14781431054708,14781431054708.jpg
14781431644532,14781431644532.jpg
14781432168820,14781432168820.jpg
14781432627572,14781432627572.jpg
14781433086324,14781433086324.jpg
14781433577844,14781433577844.jpg
14781433643380,14781433643380.jpg
14781434134900,14781434134900.jpg
14781434560884,14781434560884.jpg
14781435183476,14781435183476.jpg
14781435707764,14781435707764.jpg
14781437247860,14781437247860.jpg
14781438198132,14781438198132.jpg
14781438853492,14781438853492.jpg
14781439410548,14781439410548.jpg
14781439934836,14781439934836.jpg
14781440917876,14781440917876.jpg
14781442064756,14781442064756.jpg
14781442720116,14781442720116.jpg
14781443309940,14781443309940.jpg
14781443834228,14781443834228.jpg
14781444391284,14781444391284.jpg
14781444653428,14781444653428.jpg
14781445013876,14781445013876.jpg
14781445276020,14781445276020.jpg
14781445472628,14781445472628.jpg
14781445833076,14781445833076.jpg
14781445931380,14781445931380.jpg
14781446422900,14781446422900.jpg
14783283495284,14783283495284.jpg
14783371575668,14783371575668.jpg
14784175800692,14784175800692.jpg
14784176226676,14784176226676.jpg
14784176456052,14784176456052.jpg
14784176685428,14784176685428.jpg
14784176914804,14784176914804.jpg
14784178192756,14784178192756.jpg
14784178389364,14784178389364.jpg
14784178880884,14784178880884.jpg
14784179077492,14784179077492.jpg
14784179306868,14784179306868.jpg
14784179667316,14784179667316.jpg
14784180191604,14784180191604.jpg
14784180650356,14784180650356.jpg
14784180781428,14784180781428.jpg
14784180978036,14784180978036.jpg
14784181371252,14784181371252.jpg
14784181567860,14784181567860.jpg
14784181764468,14784181764468.jpg
14784182124916,14784182124916.jpg
14784182387060,14784182387060.jpg
14784182780276,14784182780276.jpg
14784183009652,14784183009652.jpg
14786396717428,14786396717428.jpg
14786397766004,14786397766004.jpg
14786398323060,14786398323060.jpg
14786398519668,14786398519668.jpg
14786398716276,14786398716276.jpg
14786398945652,14786398945652.jpg
14787090055540,14787090055540.jpg
14787090186612,14787090186612.jpg
14787090317684,14787090317684.jpg
14787090481524,14787090481524.jpg
14787090612596,14787090612596.jpg
14787090743668,14787090743668.jpg
14787090841972,14787090841972.jpg
14788605673844,14788605673844.jpg
14788605772148,14788605772148.jpg
14793023947124,14793023947124.jpg
14793023979892,14793023979892.jpg
14793024012660,14793024012660.jpg
14793024045428,14793024045428.jpg
14793024110964,14793024110964.jpg
14793024143732,14793024143732.jpg
14793024176500,14793024176500.jpg
14793024242036,14793024242036.jpg
14793024274804,14793024274804.jpg
14793024307572,14793024307572.jpg
14793024340340,14793024340340.jpg
14793024373108,14793024373108.jpg
14793024405876,14793024405876.jpg
14793024471412,14793024471412.jpg
14793024504180,14793024504180.jpg
14793024536948,14793024536948.jpg
14793024569716,14793024569716.jpg
14793024700788,14793024700788.jpg
14793024864628,14793024864628.jpg
14793025061236,14793025061236.jpg
14793025159540,14793025159540.jpg
14793025290612,14793025290612.jpg
14793717875060,14793717875060.jpg
14793717940596,14793717940596.jpg
14793718006132,14793718006132.jpg
14793718071668,14793718071668.jpg
14793718169972,14793718169972.jpg
14793718235508,14793718235508.jpg
14793718268276,14793718268276.jpg
14793718366580,14793718366580.jpg
14793718464884,14793718464884.jpg
14793718530420,14793718530420.jpg
14793719185780,14793719185780.jpg
14793719218548,14793719218548.jpg
14793719316852,14793719316852.jpg
14793719382388,14793719382388.jpg
14793719415156,14793719415156.jpg
14793719480692,14793719480692.jpg
14793719546228,14793719546228.jpg
14793719611764,14793719611764.jpg
14793719808372,14793719808372.jpg
14793719939444,14793719939444.jpg
14793720070516,14793720070516.jpg
14793720201588,14793720201588.jpg
14793720267124,14793720267124.jpg
14793720332660,14793720332660.jpg
14793720365428,14793720365428.jpg
14793720430964,14793720430964.jpg
14793720529268,14793720529268.jpg
14794394861940,14794394861940.jpg
14794394927476,14794394927476.jpg
14794394993012,14794394993012.jpg
14794395058548,14794395058548.jpg
14794395156852,14794395156852.jpg
14794395222388,14794395222388.jpg
14794395287924,14794395287924.jpg
14794395418996,14794395418996.jpg
14794395550068,14794395550068.jpg
14794395746676,14794395746676.jpg
14794395877748,14794395877748.jpg
14794395976052,14794395976052.jpg
14794396008820,14794396008820.jpg
14794396074356,14794396074356.jpg
14794396172660,14794396172660.jpg
14794396270964,14794396270964.jpg
14794396631412,14794396631412.jpg
14794396762484,14794396762484.jpg
14794396991860,14794396991860.jpg
14794397090164,14794397090164.jpg
14794397286772,14794397286772.jpg
14794397352308,14794397352308.jpg
14794397417844,14794397417844.jpg
14794397483380,14794397483380.jpg
14794397516148,14794397516148.jpg
14794397647220,14794397647220.jpg
14794397679988,14794397679988.jpg
14794397745524,14794397745524.jpg
14794397843828,14794397843828.jpg
14794397909364,14794397909364.jpg
14794397942132,14794397942132.jpg
14794398007668,14794398007668.jpg
14794398171508,14794398171508.jpg
14794398237044,14794398237044.jpg
14794398302580,14794398302580.jpg
14794398400884,14794398400884.jpg
14798444396916,14798444396916.jpg
14798444429684,14798444429684.jpg
14798444462452,14798444462452.jpg
14798444495220,14798444495220.jpg
14798444527988,14798444527988.jpg
14798444560756,14798444560756.jpg
14798444626292,14798444626292.jpg
14798444724596,14798444724596.jpg
14798444790132,14798444790132.jpg
14798444888436,14798444888436.jpg
14798444921204,14798444921204.jpg
14798445019508,14798445019508.jpg
14798445052276,14798445052276.jpg
14798445117812,14798445117812.jpg
14798445248884,14798445248884.jpg
14798445281652,14798445281652.jpg
14798445314420,14798445314420.jpg
14798445412724,14798445412724.jpg
14798445445492,14798445445492.jpg
14798445478260,14798445478260.jpg
14798445543796,14798445543796.jpg
14798445576564,14798445576564.jpg
14798445674868,14798445674868.jpg
14798445773172,14798445773172.jpg
14798445838708,14798445838708.jpg
14798446002548,14798446002548.jpg
14798446035316,14798446035316.jpg
14798446100852,14798446100852.jpg
14798446133620,14798446133620.jpg
14798446166388,14798446166388.jpg
14798446199156,14798446199156.jpg
14798446231924,14798446231924.jpg
14798446264692,14798446264692.jpg
14798446330228,14798446330228.jpg
14798447116660,14798447116660.jpg
14798790623604,14798790623604.jpg
14798790656372,14798790656372.jpg
14798790721908,14798790721908.jpg
14798790787444,14798790787444.jpg
14798790918516,14798790918516.jpg
14804085014900,14804085014900.jpg
14804085113204,14804085113204.jpg
14804085145972,14804085145972.jpg
14804085178740,14804085178740.jpg
14804085211508,14804085211508.jpg
14804085244276,14804085244276.jpg
14804085277044,14804085277044.jpg
14804085342580,14804085342580.jpg
14804085375348,14804085375348.jpg
14804085408116,14804085408116.jpg
14804085604724,14804085604724.jpg
14804085637492,14804085637492.jpg
14804085735796,14804085735796.jpg
14804085801332,14804085801332.jpg
14804085866868,14804085866868.jpg
14804086063476,14804086063476.jpg
14804086161780,14804086161780.jpg
14804086194548,14804086194548.jpg
14804086325620,14804086325620.jpg
14804086456692,14804086456692.jpg
14804086522228,14804086522228.jpg
14804086620532,14804086620532.jpg
14804086653300,14804086653300.jpg
14804086686068,14804086686068.jpg
14804086718836,14804086718836.jpg
14807991878004,14807991878004.jpg
14807991943540,14807991943540.jpg
14807991976308,14807991976308.jpg
14807992009076,14807992009076.jpg
14807992041844,14807992041844.jpg
14807992107380,14807992107380.jpg
14807992140148,14807992140148.jpg
14807992205684,14807992205684.jpg
14807992238452,14807992238452.jpg
14807992303988,14807992303988.jpg
14807992402292,14807992402292.jpg
14807992435060,14807992435060.jpg
14807992467828,14807992467828.jpg
14807992500596,14807992500596.jpg
14807992566132,14807992566132.jpg
14807992598900,14807992598900.jpg
14807992631668,14807992631668.jpg
14807992664436,14807992664436.jpg
14807992697204,14807992697204.jpg
14807992729972,14807992729972.jpg
14807992762740,14807992762740.jpg
14807992893812,14807992893812.jpg
14807992959348,14807992959348.jpg
14807992992116,14807992992116.jpg
14807993024884,14807993024884.jpg
14807993188724,14807993188724.jpg
14807993418100,14807993418100.jpg
14807993778548,14807993778548.jpg
14807993811316,14807993811316.jpg
14807993876852,14807993876852.jpg
14807993909620,14807993909620.jpg
14807993942388,14807993942388.jpg
14808746787188,14808746787188.jpg
14808747082100,14808747082100.jpg
14808747278708,14808747278708.jpg
14808747508084,14808747508084.jpg
14808747704692,14808747704692.jpg
14808747934068,14808747934068.jpg
14808748130676,14808748130676.jpg
14808748392820,14808748392820.jpg
14808748491124,14808748491124.jpg
14808748654964,14808748654964.jpg
14808748884340,14808748884340.jpg
14808749080948,14808749080948.jpg
14808749277556,14808749277556.jpg
14808749474164,14808749474164.jpg
14808749670772,14808749670772.jpg
14808749900148,14808749900148.jpg
14808750195060,14808750195060.jpg
14808750358900,14808750358900.jpg
14808750653812,14808750653812.jpg
14808750752116,14808750752116.jpg
14808750883188,14808750883188.jpg
14808751079796,14808751079796.jpg
14808751440244,14808751440244.jpg
14808751636852,14808751636852.jpg
14808751833460,14808751833460.jpg
14808752128372,14808752128372.jpg
14808752488820,14808752488820.jpg
14808752750964,14808752750964.jpg
14808752914804,14808752914804.jpg
14808753144180,14808753144180.jpg
14808753668468,14808753668468.jpg
14808754094452,14808754094452.jpg
14808754258292,14808754258292.jpg
14808754422132,14808754422132.jpg
14808754585972,14808754585972.jpg
14808754749812,14808754749812.jpg
14808754913652,14808754913652.jpg
14808755077492,14808755077492.jpg
14808755241332,14808755241332.jpg
14808755503476,14808755503476.jpg
14808755700084,14808755700084.jpg
14808755765620,14808755765620.jpg
14808755962228,14808755962228.jpg
14808756126068,14808756126068.jpg
14808756322676,14808756322676.jpg
14808756552052,14808756552052.jpg
14808756748660,14808756748660.jpg
14808757010804,14808757010804.jpg
14808757174644,14808757174644.jpg
14808757371252,14808757371252.jpg
14808757535092,14808757535092.jpg
14808757698932,14808757698932.jpg
14809722225012,14809722225012.jpg
14809722323316,14809722323316.jpg
14809722356084,14809722356084.jpg
14809722388852,14809722388852.jpg
14809722585460,14809722585460.jpg
14809722913140,14809722913140.jpg
14809723076980,14809723076980.jpg
14809723273588,14809723273588.jpg
14809723306356,14809723306356.jpg
14809723339124,14809723339124.jpg
14809723371892,14809723371892.jpg
14809723437428,14809723437428.jpg
14809723470196,14809723470196.jpg
14809723568500,14809723568500.jpg
14809723601268,14809723601268.jpg
14809723634036,14809723634036.jpg
14809723699572,14809723699572.jpg
14809723765108,14809723765108.jpg
14809723797876,14809723797876.jpg
14809723830644,14809723830644.jpg
14809723863412,14809723863412.jpg
14809723896180,14809723896180.jpg
14809723961716,14809723961716.jpg
14809724027252,14809724027252.jpg
14809724060020,14809724060020.jpg
14809724092788,14809724092788.jpg
14809724125556,14809724125556.jpg
14809724191092,14809724191092.jpg
14809724223860,14809724223860.jpg
14809724256628,14809724256628.jpg
14809724354932,14809724354932.jpg
14809724387700,14809724387700.jpg
14809724420468,14809724420468.jpg
14809724518772,14809724518772.jpg
14809724584308,14809724584308.jpg
14809724748148,14809724748148.jpg
14809724813684,14809724813684.jpg
14809724846452,14809724846452.jpg
14809724879220,14809724879220.jpg
14809724944756,14809724944756.jpg
14809724977524,14809724977524.jpg
14810903609716,14810903609716.jpg
14810903642484,14810903642484.jpg
14810903675252,14810903675252.jpg
14810903708020,14810903708020.jpg
14810903740788,14810903740788.jpg
14810903773556,14810903773556.jpg
14810903839092,14810903839092.jpg
14810903871860,14810903871860.jpg
14810903904628,14810903904628.jpg
14810903937396,14810903937396.jpg
14810904002932,14810904002932.jpg
14810904068468,14810904068468.jpg
14810904101236,14810904101236.jpg
14810904134004,14810904134004.jpg
14810904199540,14810904199540.jpg
14810904232308,14810904232308.jpg
14810904297844,14810904297844.jpg
14810904363380,14810904363380.jpg
14810904428916,14810904428916.jpg
14810904461684,14810904461684.jpg
14810904494452,14810904494452.jpg
14810904527220,14810904527220.jpg
14810904559988,14810904559988.jpg
14810904592756,14810904592756.jpg
14810904625524,14810904625524.jpg
14810904658292,14810904658292.jpg
14810904691060,14810904691060.jpg
14810904723828,14810904723828.jpg
14810904854900,14810904854900.jpg
14810904920436,14810904920436.jpg
14810904985972,14810904985972.jpg
14810905182580,14810905182580.jpg
14810905543028,14810905543028.jpg
14810905575796,14810905575796.jpg
14810905608564,14810905608564.jpg
14811819573620,14811819573620.jpg
14811819606388,14811819606388.jpg
14811819671924,14811819671924.jpg
14811819835764,14811819835764.jpg
14811819901300,14811819901300.jpg
14811819966836,14811819966836.jpg
14811820065140,14811820065140.jpg
14811820196212,14811820196212.jpg
14811820228980,14811820228980.jpg
14811820294516,14811820294516.jpg
14811820360052,14811820360052.jpg
14811820425588,14811820425588.jpg
14811820458356,14811820458356.jpg
14811820556660,14811820556660.jpg
14811820622196,14811820622196.jpg
14811820720500,14811820720500.jpg
14811820786036,14811820786036.jpg
14811820851572,14811820851572.jpg
14811820949876,14811820949876.jpg
14811821015412,14811821015412.jpg
14811821080948,14811821080948.jpg
14811821113716,14811821113716.jpg
14811821244788,14811821244788.jpg
14811821277556,14811821277556.jpg
14811821474164,14811821474164.jpg
14811821605236,14811821605236.jpg
14811821670772,14811821670772.jpg
14811821736308,14811821736308.jpg
14811821769076,14811821769076.jpg
14811821834612,14811821834612.jpg
14811821900148,14811821900148.jpg
14811821998452,14811821998452.jpg
14811822227828,14811822227828.jpg
14811822358900,14811822358900.jpg
14811822588276,14811822588276.jpg
14816983384436,14816983384436.jpg
14816983417204,14816983417204.jpg
14816983449972,14816983449972.jpg
14816983482740,14816983482740.jpg
14816983515508,14816983515508.jpg
14816983548276,14816983548276.jpg
14816983613812,14816983613812.jpg
14816983646580,14816983646580.jpg
14816983712116,14816983712116.jpg
14816983744884,14816983744884.jpg
14816983777652,14816983777652.jpg
14816983843188,14816983843188.jpg
14816983875956,14816983875956.jpg
14816983908724,14816983908724.jpg
14816983974260,14816983974260.jpg
14816984007028,14816984007028.jpg
14816984105332,14816984105332.jpg
14816984203636,14816984203636.jpg
14816984269172,14816984269172.jpg
14816984400244,14816984400244.jpg
14816984433012,14816984433012.jpg
14816984564084,14816984564084.jpg
14816984596852,14816984596852.jpg
14816984629620,14816984629620.jpg
14816984662388,14816984662388.jpg
14816984727924,14816984727924.jpg
14816984826228,14816984826228.jpg
14816984858996,14816984858996.jpg
14816984891764,14816984891764.jpg
14816984957300,14816984957300.jpg
14822045090164,14822045090164.jpg
14822045155700,14822045155700.jpg
14827417502068,14827417502068.jpg
14828477579636,14828477579636.jpg
14828477677940,14828477677940.jpg
14828477710708,14828477710708.jpg
14828477841780,14828477841780.jpg
14828477874548,14828477874548.jpg
14828477907316,14828477907316.jpg
14828477940084,14828477940084.jpg
14828477972852,14828477972852.jpg
14828478005620,14828478005620.jpg
14828478169460,14828478169460.jpg
14828478202228,14828478202228.jpg
14828478398836,14828478398836.jpg
14828478497140,14828478497140.jpg
14828478595444,14828478595444.jpg
14828478759284,14828478759284.jpg
14828478890356,14828478890356.jpg
14828479021428,14828479021428.jpg
14828479119732,14828479119732.jpg
14828479185268,14828479185268.jpg
14828479283572,14828479283572.jpg
14828479381876,14828479381876.jpg
14828479578484,14828479578484.jpg
14828479709556,14828479709556.jpg
14828479807860,14828479807860.jpg
14828479938932,14828479938932.jpg
14828480495988,14828480495988.jpg
14828480856436,14828480856436.jpg
14828481118580,14828481118580.jpg
14828481479028,14828481479028.jpg
14828483346804,14828483346804.jpg
14830027735412,14830027735412.jpg
14830027768180,14830027768180.jpg
14830027833716,14830027833716.jpg
14830027964788,14830027964788.jpg
14830028030324,14830028030324.jpg
14830028095860,14830028095860.jpg
14830028161396,14830028161396.jpg
14830028325236,14830028325236.jpg
14830028390772,14830028390772.jpg
14830028554612,14830028554612.jpg
14830028620148,14830028620148.jpg
14830028685684,14830028685684.jpg
14830028718452,14830028718452.jpg
14830028849524,14830028849524.jpg
14830028915060,14830028915060.jpg
14830028980596,14830028980596.jpg
14830029078900,14830029078900.jpg
14830029177204,14830029177204.jpg
14830029209972,14830029209972.jpg
14842084622708,14842084622708.jpg
14842084884852,14842084884852.jpg
14842085179764,14842085179764.jpg
14842085409140,14842085409140.jpg
14842085867892,14842085867892.jpg
14842086064500,14842086064500.jpg
14842086588788,14842086588788.jpg
14842086785396,14842086785396.jpg
14842086982004,14842086982004.jpg
14842087244148,14842087244148.jpg
14842087276916,14842087276916.jpg
14842087342452,14842087342452.jpg
14842087440756,14842087440756.jpg
14842087473524,14842087473524.jpg
14842087506292,14842087506292.jpg
14842087571828,14842087571828.jpg
14842087604596,14842087604596.jpg
14842087670132,14842087670132.jpg
14842087702900,14842087702900.jpg
14842087735668,14842087735668.jpg
14842087768436,14842087768436.jpg
14843865497972,14843865497972.jpg
14843865858420,14843865858420.jpg
14843866317172,14843866317172.jpg
14843866546548,14843866546548.jpg
14843866710388,14843866710388.jpg
14843866906996,14843866906996.jpg
14843867070836,14843867070836.jpg
14843867365748,14843867365748.jpg
14843867857268,14843867857268.jpg
14843868086644,14843868086644.jpg
14843868250484,14843868250484.jpg
14843868971380,14843868971380.jpg
14843869135220,14843869135220.jpg
14843869364596,14843869364596.jpg
14843869528436,14843869528436.jpg
14843869987188,14843869987188.jpg
14843870314868,14843870314868.jpg
14843870544244,14843870544244.jpg
14843870937460,14843870937460.jpg
14843871232372,14843871232372.jpg
14843871756660,14843871756660.jpg
14843871986036,14843871986036.jpg
14843872149876,14843872149876.jpg
14843872346484,14843872346484.jpg
14843872510324,14843872510324.jpg
14844037759348,14844037759348.jpg
14853384700276,14853384700276.jpg
14853385060724,14853385060724.jpg
14853385290100,14853385290100.jpg
14853385486708,14853385486708.jpg
14853385879924,14853385879924.jpg
14853386076532,14853386076532.jpg
14853386338676,14853386338676.jpg
14853386600820,14853386600820.jpg
14853386764660,14853386764660.jpg
14853386895732,14853386895732.jpg
14853387288948,14853387288948.jpg
14853388730740,14853388730740.jpg
14853388927348,14853388927348.jpg
14853389091188,14853389091188.jpg
14853389353332,14853389353332.jpg
14853389549940,14853389549940.jpg
14853389975924,14853389975924.jpg
14853390205300,14853390205300.jpg
14853390532980,14853390532980.jpg
14853390860660,14853390860660.jpg
14853391090036,14853391090036.jpg
14853391384948,14853391384948.jpg
14853391647092,14853391647092.jpg
14853391909236,14853391909236.jpg
14853392138612,14853392138612.jpg
14853392466292,14853392466292.jpg
14853392630132,14853392630132.jpg
14853392826740,14853392826740.jpg
14853393154420,14853393154420.jpg
14853393351028,14853393351028.jpg
14853393613172,14853393613172.jpg
14853393809780,14853393809780.jpg
14853394104692,14853394104692.jpg
14853394334068,14853394334068.jpg
14853394596212,14853394596212.jpg
14856191443316,14856191443316.jpg
14856192065908,14856192065908.jpg
14856192622964,14856192622964.jpg
14856192917876,14856192917876.jpg
14856193278324,14856193278324.jpg
14856193835380,14856193835380.jpg
14856194261364,14856194261364.jpg
14856194720116,14856194720116.jpg
14856195244404,14856195244404.jpg
14856195768692,14856195768692.jpg
14856196325748,14856196325748.jpg
14856196620660,14856196620660.jpg
14856197013876,14856197013876.jpg
14856197210484,14856197210484.jpg
14856197308788,14856197308788.jpg
14856197374324,14856197374324.jpg
14856197439860,14856197439860.jpg
14856197472628,14856197472628.jpg
14856197570932,14856197570932.jpg
14856197734772,14856197734772.jpg
14856197931380,14856197931380.jpg
14856198127988,14856198127988.jpg
14856198652276,14856198652276.jpg
14856198783348,14856198783348.jpg
14856199111028,14856199111028.jpg
14856199405940,14856199405940.jpg
14856199569780,14856199569780.jpg
14856199602548,14856199602548.jpg
14856199864692,14856199864692.jpg
14856199930228,14856199930228.jpg
14856200126836,14856200126836.jpg
14856200388980,14856200388980.jpg
14856200585588,14856200585588.jpg
14856200782196,14856200782196.jpg
14856201044340,14856201044340.jpg
14856201404788,14856201404788.jpg
14856201601396,14856201601396.jpg
14858123641204,14858123641204.jpg
14858123673972,14858123673972.jpg
14868853490036,14868853490036.jpg
14868854014324,14868854014324.jpg
14868854178164,14868854178164.jpg
14868854276468,14868854276468.jpg
14868854473076,14868854473076.jpg
14868854669684,14868854669684.jpg
14868855062900,14868855062900.jpg
14868855423348,14868855423348.jpg
14868855587188,14868855587188.jpg
14868855718260,14868855718260.jpg
14868855849332,14868855849332.jpg
14868856045940,14868856045940.jpg
14868856406388,14868856406388.jpg
14868856439156,14868856439156.jpg
14868856570228,14868856570228.jpg
14868856766836,14868856766836.jpg
14868856930676,14868856930676.jpg
14868857127284,14868857127284.jpg
14868857487732,14868857487732.jpg
14868857815412,14868857815412.jpg
14868858012020,14868858012020.jpg
14868858372468,14868858372468.jpg
14868858569076,14868858569076.jpg
14868858634612,14868858634612.jpg
14868858732916,14868858732916.jpg
14868858896756,14868858896756.jpg
14868859093364,14868859093364.jpg
14868859486580,14868859486580.jpg
14868859748724,14868859748724.jpg
14868859978100,14868859978100.jpg
14868860240244,14868860240244.jpg
14868860404084,14868860404084.jpg
14868860698996,14868860698996.jpg
14870964994420,14870964994420.jpg
14875820917108,14875820917108.jpg
14875820949876,14875820949876.jpg
14875820982644,14875820982644.jpg
14875821015412,14875821015412.jpg
14875821048180,14875821048180.jpg
14875821080948,14875821080948.jpg
14875821113716,14875821113716.jpg
14875821146484,14875821146484.jpg
14875821474164,14875821474164.jpg
14875821605236,14875821605236.jpg
14875821703540,14875821703540.jpg
14875821769076,14875821769076.jpg
14875821801844,14875821801844.jpg
14875821867380,14875821867380.jpg
14875821932916,14875821932916.jpg
14875822063988,14875822063988.jpg
14875822195060,14875822195060.jpg
14875822293364,14875822293364.jpg
14875822358900,14875822358900.jpg
14875822424436,14875822424436.jpg
14875822457204,14875822457204.jpg
14875822489972,14875822489972.jpg
14875822522740,14875822522740.jpg
14875822588276,14875822588276.jpg
14875822653812,14875822653812.jpg
14875822817652,14875822817652.jpg
14875822850420,14875822850420.jpg
14875822915956,14875822915956.jpg
14875822948724,14875822948724.jpg
14875822981492,14875822981492.jpg
14875823014260,14875823014260.jpg
14875823047028,14875823047028.jpg
14875823112564,14875823112564.jpg
14875823178100,14875823178100.jpg
14875823210868,14875823210868.jpg
14875823243636,14875823243636.jpg
14877360193908,14877360193908.jpg
14877360226676,14877360226676.jpg
14877360292212,14877360292212.jpg
14877360357748,14877360357748.jpg
14877360390516,14877360390516.jpg
14877360423284,14877360423284.jpg
14877360554356,14877360554356.jpg
14877360619892,14877360619892.jpg
14877360685428,14877360685428.jpg
14877360783732,14877360783732.jpg
14877360947572,14877360947572.jpg
14877361013108,14877361013108.jpg
14877361045876,14877361045876.jpg
14877361078644,14877361078644.jpg
14877361209716,14877361209716.jpg
14877361242484,14877361242484.jpg
14877361308020,14877361308020.jpg
14877361340788,14877361340788.jpg
14877361373556,14877361373556.jpg
14877361406324,14877361406324.jpg
14877361471860,14877361471860.jpg
14877361504628,14877361504628.jpg
14877361537396,14877361537396.jpg
14877361570164,14877361570164.jpg
14877361635700,14877361635700.jpg
14877361668468,14877361668468.jpg
14877361734004,14877361734004.jpg
14877361832308,14877361832308.jpg
14877361865076,14877361865076.jpg
14877361963380,14877361963380.jpg
14877362061684,14877362061684.jpg
14877362159988,14877362159988.jpg
14877362258292,14877362258292.jpg
14877362291060,14877362291060.jpg
14877362323828,14877362323828.jpg
14877362454900,14877362454900.jpg
14877364027764,14877364027764.jpg
14877368189300,14877368189300.jpg
14877369860468,14877369860468.jpg
14877371597172,14877371597172.jpg
14877373170036,14877373170036.jpg
14877375398260,14877375398260.jpg
14884355375476,14884355375476.jpg
14884355473780,14884355473780.jpg
14884355801460,14884355801460.jpg
14884355932532,14884355932532.jpg
14884355965300,14884355965300.jpg
14884356227444,14884356227444.jpg
14884356325748,14884356325748.jpg
14884356653428,14884356653428.jpg
14884356718964,14884356718964.jpg
14884356751732,14884356751732.jpg
14884356882804,14884356882804.jpg
14884356948340,14884356948340.jpg
14884356981108,14884356981108.jpg
14884357177716,14884357177716.jpg
14884357210484,14884357210484.jpg
14884357276020,14884357276020.jpg
14884357308788,14884357308788.jpg
14884357341556,14884357341556.jpg
14884357407092,14884357407092.jpg
14886678200692,14886678200692.jpg
14886678233460,14886678233460.jpg
14886678266228,14886678266228.jpg
14886678331764,14886678331764.jpg
14886678364532,14886678364532.jpg
14886678397300,14886678397300.jpg
14886678430068,14886678430068.jpg
14886678462836,14886678462836.jpg
14886678823284,14886678823284.jpg
14886679183732,14886679183732.jpg
14886679249268,14886679249268.jpg
14886679282036,14886679282036.jpg
14886679314804,14886679314804.jpg
14886679347572,14886679347572.jpg
14886679380340,14886679380340.jpg
14886679413108,14886679413108.jpg
14886679445876,14886679445876.jpg
14886679478644,14886679478644.jpg
14887294468468,14887294468468.jpg
14887501857140,14887501857140.jpg
14887501889908,14887501889908.jpg
14887501922676,14887501922676.jpg
14887501955444,14887501955444.jpg
14887502020980,14887502020980.jpg
14887504216436,14887504216436.jpg
14887504380276,14887504380276.jpg
14887506018676,14887506018676.jpg
14887506084212,14887506084212.jpg
14887506149748,14887506149748.jpg
14887506182516,14887506182516.jpg
14887506248052,14887506248052.jpg
14887506280820,14887506280820.jpg
14887506313588,14887506313588.jpg
14887506346356,14887506346356.jpg
14887506379124,14887506379124.jpg
14887506411892,14887506411892.jpg
14887506444660,14887506444660.jpg
14887506510196,14887506510196.jpg
14887506674036,14887506674036.jpg
14887506706804,14887506706804.jpg
14887506772340,14887506772340.jpg
14887506805108,14887506805108.jpg
14887506870644,14887506870644.jpg
14887506903412,14887506903412.jpg
14887506936180,14887506936180.jpg
14887507034484,14887507034484.jpg
14887507067252,14887507067252.jpg
14887507132788,14887507132788.jpg
14890592338292,14890592338292.jpg
14890592371060,14890592371060.jpg
14891545002356,14891545002356.jpg
14891545035124,14891545035124.jpg
14891545067892,14891545067892.jpg
14891545133428,14891545133428.jpg
14891545198964,14891545198964.jpg
14891545297268,14891545297268.jpg
14891545493876,14891545493876.jpg
14891545657716,14891545657716.jpg
14891545723252,14891545723252.jpg
14891545985396,14891545985396.jpg
14891546149236,14891546149236.jpg
14891546313076,14891546313076.jpg
14891546476916,14891546476916.jpg
14891546509684,14891546509684.jpg
14891546542452,14891546542452.jpg
14891546607988,14891546607988.jpg
14891546640756,14891546640756.jpg
14891546739060,14891546739060.jpg
14891546804596,14891546804596.jpg
14891546870132,14891546870132.jpg
14891546902900,14891546902900.jpg
14891546935668,14891546935668.jpg
14891546968436,14891546968436.jpg
14891547001204,14891547001204.jpg
14891547033972,14891547033972.jpg
14891547099508,14891547099508.jpg
14891547165044,14891547165044.jpg
14891547197812,14891547197812.jpg
14891547296116,14891547296116.jpg
14891547361652,14891547361652.jpg
14891547394420,14891547394420.jpg
14891547427188,14891547427188.jpg
14894158872948,14894158872948.jpg
14894159069556,14894159069556.jpg
14894159200628,14894159200628.jpg
14894159298932,14894159298932.jpg
14894159430004,14894159430004.jpg
14894159495540,14894159495540.jpg
14894159528308,14894159528308.jpg
14894159561076,14894159561076.jpg
14894159593844,14894159593844.jpg
14894159659380,14894159659380.jpg
14894159692148,14894159692148.jpg
14894159790452,14894159790452.jpg
14894159855988,14894159855988.jpg
14894159987060,14894159987060.jpg
14894160085364,14894160085364.jpg
14894160150900,14894160150900.jpg
14894160281972,14894160281972.jpg
14894160314740,14894160314740.jpg
14894160380276,14894160380276.jpg
14894160445812,14894160445812.jpg
14894160511348,14894160511348.jpg
14894160544116,14894160544116.jpg
14894160576884,14894160576884.jpg
14894160609652,14894160609652.jpg
14894160642420,14894160642420.jpg
14894160675188,14894160675188.jpg
14894160707956,14894160707956.jpg
14894160773492,14894160773492.jpg
14894160871796,14894160871796.jpg
14894160904564,14894160904564.jpg
14894160937332,14894160937332.jpg
14894161002868,14894161002868.jpg
14894161035636,14894161035636.jpg
14894161101172,14894161101172.jpg
14894161199476,14894161199476.jpg
14894161396084,14894161396084.jpg
14894161494388,14894161494388.jpg
14894819082612,14894819082612.jpg
14907908424052,14907908424052.jpg
14907908522356,14907908522356.jpg
14907908555124,14907908555124.jpg
14907908587892,14907908587892.jpg
14907908620660,14907908620660.jpg
14907908686196,14907908686196.jpg
14907908784500,14907908784500.jpg
14907908882804,14907908882804.jpg
14907908915572,14907908915572.jpg
14907908981108,14907908981108.jpg
14907909046644,14907909046644.jpg
14907909112180,14907909112180.jpg
14907909144948,14907909144948.jpg
14907909177716,14907909177716.jpg
14907909276020,14907909276020.jpg
14907909407092,14907909407092.jpg
14907909439860,14907909439860.jpg
14907909505396,14907909505396.jpg
14907909570932,14907909570932.jpg
14907909636468,14907909636468.jpg
14907909669236,14907909669236.jpg
14907909702004,14907909702004.jpg
14907909734772,14907909734772.jpg
14907909767540,14907909767540.jpg
14907909800308,14907909800308.jpg
14910198776180,14910198776180.jpg
14910198808948,14910198808948.jpg
14910198841716,14910198841716.jpg
14910198874484,14910198874484.jpg
14910198907252,14910198907252.jpg
14910198940020,14910198940020.jpg
14910198972788,14910198972788.jpg
14910199103860,14910199103860.jpg
14910199136628,14910199136628.jpg
14910199234932,14910199234932.jpg
14910199267700,14910199267700.jpg
14910199300468,14910199300468.jpg
14910199366004,14910199366004.jpg
14910199431540,14910199431540.jpg
14910199464308,14910199464308.jpg
14910199497076,14910199497076.jpg
14910199595380,14910199595380.jpg
14910199693684,14910199693684.jpg
14910199726452,14910199726452.jpg
14910199857524,14910199857524.jpg
14910199955828,14910199955828.jpg
14910200152436,14910200152436.jpg
14910200480116,14910200480116.jpg
14910200840564,14910200840564.jpg
14910200873332,14910200873332.jpg
14910200906100,14910200906100.jpg
14910201004404,14910201004404.jpg
14910201069940,14910201069940.jpg
14910201135476,14910201135476.jpg
14910201168244,14910201168244.jpg
14910201201012,14910201201012.jpg
14910201233780,14910201233780.jpg
14910201299316,14910201299316.jpg
14910324605300,14910324605300.jpg
14910324638068,14910324638068.jpg
14910324670836,14910324670836.jpg
14910324703604,14910324703604.jpg
14911119950196,14911119950196.jpg
14911119982964,14911119982964.jpg
14911120048500,14911120048500.jpg
14911120114036,14911120114036.jpg
14911120146804,14911120146804.jpg
14911120212340,14911120212340.jpg
14911120310644,14911120310644.jpg
14911120343412,14911120343412.jpg
14911120408948,14911120408948.jpg
14911120441716,14911120441716.jpg
14911120507252,14911120507252.jpg
14911120540020,14911120540020.jpg
14911120572788,14911120572788.jpg
14911120638324,14911120638324.jpg
14911120671092,14911120671092.jpg
14911120703860,14911120703860.jpg
14911120769396,14911120769396.jpg
14911120802164,14911120802164.jpg
14911120900468,14911120900468.jpg
14911120998772,14911120998772.jpg
14911121064308,14911121064308.jpg
14911121097076,14911121097076.jpg
14911121162612,14911121162612.jpg
14911194628468,14911194628468.jpg
14915138748788,14915138748788.jpg
14915698229620,14915698229620.jpg
14915698360692,14915698360692.jpg
14915698426228,14915698426228.jpg
14915698491764,14915698491764.jpg
14915698524532,14915698524532.jpg
14915698622836,14915698622836.jpg
14915698655604,14915698655604.jpg
14915698721140,14915698721140.jpg
14915698753908,14915698753908.jpg
14915698786676,14915698786676.jpg
14915698819444,14915698819444.jpg
14915698852212,14915698852212.jpg
14915698884980,14915698884980.jpg
14915699048820,14915699048820.jpg
14915699081588,14915699081588.jpg
14915699114356,14915699114356.jpg
14915699147124,14915699147124.jpg
14915699179892,14915699179892.jpg
14915699212660,14915699212660.jpg
14915699310964,14915699310964.jpg
14915699376500,14915699376500.jpg
14915699409268,14915699409268.jpg
14915699474804,14915699474804.jpg
14915699507572,14915699507572.jpg
14915699573108,14915699573108.jpg
14915699605876,14915699605876.jpg
14915699638644,14915699638644.jpg
14915699704180,14915699704180.jpg
14915699736948,14915699736948.jpg
14915699769716,14915699769716.jpg
14915699802484,14915699802484.jpg
14915699835252,14915699835252.jpg
14915699868020,14915699868020.jpg
14915699966324,14915699966324.jpg
14915700031860,14915700031860.jpg
14915700064628,14915700064628.jpg
14915700097396,14915700097396.jpg
14915700130164,14915700130164.jpg
14915700162932,14915700162932.jpg
14915700228468,14915700228468.jpg
14915700326772,14915700326772.jpg
14915700359540,14915700359540.jpg
14915700425076,14915700425076.jpg
14915700457844,14915700457844.jpg
14915700523380,14915700523380.jpg
